restID,dressCodeID,name,address,zip,city,state,country,priceRangeMin,priceRangeMax,openHours,closeHours
1,1,Hamburguesas La perica,524 Soledad de Graciano Sanchez,78210,Jiutepec,San Luis Potosi,mexico,8,40,5:48 AM,6:35 PM
2,5,Hamburguesas La perica,69 Tres De Mayo,78214,s.l.p,SLP,mexico,7,96,5:53 AM,7:37 PM
3,3,Hamburguesas La perica,40 Norte Civac 1RA. Seccion,78200,Cuernavaca,san luis potos,Mexico,9,30,11:14 AM,11:03 PM
4,3,Pollo_Frito_Buenos_Aires,tampico,62790,victoria,Tamaulipas,Mexico,14,53,8:32 AM,7:32 PM
5,2,Pollo_Frito_Buenos_Aires,69 Tres De Mayo,62290,s.l.p,mexico,Mexico,17,75,1:43 AM,6:39 PM
6,1,Pollo_Frito_Buenos_Aires,Mexico 810 Centro,78214,victoria,Tamaulipas,Mexico,11,55,11:26 AM,7:35 PM
7,1,Tortas y hamburguesas el gordo,Ricardo B. Anaya,62790,San Luis Potosi,San Luis Potosi,Mexico,17,71,8:02 AM,6:42 PM
8,1,Tortas y hamburguesas el gordo,Ricardo B. Anaya,64000,San Luis Potosi,San Luis Potosi,Mexico,14,72,11:32 AM,7:29 PM
9,4,Tortas y hamburguesas el gordo,Ricardo B. Anaya,74000,San Luis Potosi,San Luis Potosi,Mexico,16,58,2:34 AM,6:28 PM
10,3,Hamburguesas saul,Tangamanga 7 Tangamanga,78433,san luis potosi ,mexico,Mexico,12,93,1:54 AM,8:36 PM
11,5,Hamburguesas saul,tampico,78430,San Luis Potosi,Tamaulipas,Mexico,15,58,10:56 AM,6:46 PM
12,3,Hamburguesas saul,Universidad 169,78740,slp,mexico,Mexico,5,30,2:18 AM,5:02 PM
13,5,crudalia,40 Norte Civac 1RA. Seccion,62170,Cuernavaca,Morelos,Mexico,8,58,9:41 AM,9:01 PM
14,1,crudalia,524 Soledad de Graciano Sanchez,62250,Jiutepec,S.L.P.,Mexico,18,82,1:11 AM,11:58 PM
15,1,crudalia,36 Sur Civac,62000,Ciudad Victoria,mexico,Mexico,14,52,7:47 AM,10:05 PM
16,2,little pizza Emilio Portes Gil,av. seminario,62790,Cd. Victoria,mexico,Mexico,11,64,5:05 AM,5:25 PM
17,2,little pizza Emilio Portes Gil,avenida hivno nacional,62790,Cuernavaca,tamaulipas,Mexico,9,25,3:17 AM,1:24 PM
18,1,little pizza Emilio Portes Gil,Av. V. Carranza,64000,Ciudad Victoria,S.L.P.,Mexico,11,85,5:31 AM,8:39 PM
19,4,Log Yin,Nereo Rodriguez Barragan 450 E Centro,78280,Cuernavaca,mexico,Mexico,10,37,10:25 AM,6:40 PM
20,1,Log Yin,Pascual M. Hernandez 210 Centro,78310,s.l.p,Morelos,Mexico,19,82,4:00 AM,2:28 PM
21,5,Log Yin,Paseo de las Fuentes,78390,san luis potos,SLP,Mexico,14,85,6:33 AM,5:59 PM
22,1,Log Yin,r.b. anaya esq. florencia,78396,san luis potosi ,mexico,Mexico,17,98,11:57 AM,2:57 PM
23,5,Log Yin,Plaza del Carmen,78395,San Luis Potosi,Tamaulipas,Mexico,16,74,2:41 AM,6:30 PM
24,5,Log Yin,Miguel Barragan 46 Centro,78269,Cd. Victoria,Morelos,Mexico,16,31,1:19 AM,6:36 PM
25,5,Log Yin,NICOLAS ZAPATA 300,78290,Jiutepec,mexico,Mexico,13,77,11:58 AM,4:23 PM
26,2,Log Yin,Ricardo B. Anaya,78421,Soledad,Morelos,Mexico,6,60,2:13 AM,8:36 PM
27,1,Log Yin,Pascual M. Hernandez 240,78349,s.l.p.,S.L.P.,Mexico,5,78,10:36 AM,7:26 PM
28,2,Log Yin,Munoz Sn Centro,78270,Ciudad Victoria,S.L.P.,Mexico,15,29,8:12 AM,4:32 PM
29,3,Log Yin,Rayon sn col. Centro,78399,slp,mexico,Mexico,11,39,5:05 AM,3:37 PM
30,4,Log Yin,Mexico 810 Centro,78250,Cd Victoria,mexico,Mexico,6,29,4:07 AM,10:05 PM
31,4,rockabilly ,agustin de iturbide,62170,san luis potosi,san luis potosi,Mexico,5,94,1:49 AM,1:53 PM
32,3,rockabilly ,agustin de iturbide,62000,san luis potosi,san luis potosi,Mexico,20,62,8:03 AM,2:14 PM
33,4,rockabilly ,Constitucion 200 Centro,62000,san luis potosi,san luis potosi,Mexico,10,77,10:21 AM,8:35 PM
34,2,VIPS,Cuauhtemoc 455,78000,San Luis Potosi,San Luis Potosi,Mexico,6,37,5:09 AM,8:48 PM
35,5,VIPS,De La Estrella 2005 Estrella de Oriente,78200,San Luis Potosi,San Luis Potosi,Mexico,9,76,10:46 AM,9:29 PM
36,2,VIPS,De Guadalupe 460 San Miguelito,78038,San Luis Potosi,San Luis Potosi,Mexico,18,83,6:57 AM,11:05 PM
37,5,emilianos,Santos Degollado 745 los Alamitos,78421,san luis potos,S.L.P.,Mexico,19,83,7:13 AM,3:20 PM
38,1,emilianos,Rayon sn col. Centro,78310,san luis potos,S.L.P.,Mexico,19,92,1:10 AM,4:53 PM
39,4,emilianos,sevilla y olmedo 715 a,78433,san luis potos,Tamaulipas,Mexico,8,49,4:26 AM,8:29 PM
40,2,emilianos,Pascual M. Hernandez 240,78269,san luis potos,S.L.P.,Mexico,9,97,3:59 AM,1:36 PM
41,5,emilianos,Ricardo B. Anaya 2700 Estrella de Oriente,78390,san luis potos,mexico,Mexico,10,31,11:13 AM,8:03 PM
42,1,emilianos,Pascual M. Hernandez 210 Centro,78250,victoria ,Morelos,Mexico,20,43,4:17 AM,6:13 PM
43,4,emilianos,Paseo de las Fuentes,78270,san luis potos,mexico,Mexico,6,22,6:19 AM,3:47 PM
44,2,emilianos,Ricardo B. Anaya,78349,san luis potos,SLP,Mexico,19,48,1:14 AM,7:20 PM
45,2,emilianos,Plaza del Carmen,78280,san luis potos,mexico,Mexico,6,51,5:40 AM,10:21 PM
46,2,emilianos,Rio Mayo Colonia Vista Hermosa Esq. Rio Balsas,78396,san luis potos,S.L.P.,Mexico,14,47,2:52 AM,5:46 PM
47,5,emilianos,Rio Papaloapan 265 Lomas de San Luis (3),78399,san luis potos,Morelos,Mexico,11,79,2:15 AM,10:27 PM
48,2,emilianos,r.b. anaya esq. florencia,78290,san luis potos,Morelos,Mexico,17,41,6:17 AM,10:13 PM
49,4,emilianos,Soledad Sn Arboledas de Soledad,78740,san luis potos,mexico,Mexico,17,46,2:56 AM,8:18 PM
50,3,emilianos,Satelite 606 Satelite,78430,san luis potos,SLP,Mexico,15,41,1:58 AM,8:40 PM
51,3,emilianos,Rio Mayo 17 Vista Hermosa,78395,san luis potos,Morelos,Mexico,20,92,2:44 AM,11:47 PM
52,2,tacos los volcanes,Estatuto Juridico 1040 Burocratas,78270,san luis potosi,san luis potos,Mexico,11,24,1:07 AM,8:05 PM
53,3,tacos los volcanes,Ignacio Allende 785 Centro,78433,san luis potosi,san luis potos,Mexico,16,46,7:25 AM,3:39 PM
54,5,tacos los volcanes,frente al tecnologico,78349,san luis potosi,san luis potos,Mexico,9,46,1:24 AM,4:41 PM
55,2,tacos los volcanes,Interior Internado Palmira SN,79300,san luis potosi,san luis potos,Mexico,13,53,3:51 AM,8:43 PM
56,2,tacos los volcanes,Francisco I. Madero 145 Centro,78290,san luis potosi,san luis potos,Mexico,17,73,1:40 AM,10:27 PM
57,3,tacos los volcanes,Ignacio Aldama 300 Centro,78430,san luis potosi,san luis potos,Mexico,18,22,10:54 AM,5:26 PM
58,2,tacos los volcanes,General Mariano Arista 1205 Barrio de Tequisquiap,78390,san luis potosi,san luis potos,Mexico,16,24,11:27 AM,3:16 PM
59,5,tacos los volcanes,Himno Nacional 2104 Tangamanga,78399,san luis potosi,san luis potos,Mexico,8,27,10:32 AM,1:34 PM
60,2,tacos los volcanes,Himno nacional esq. Blvd. Juarez,78421,san luis potosi,san luis potos,Mexico,6,59,7:08 AM,7:01 PM
61,4,tacos los volcanes,Federal Mexico - Acapulco 10 3 de Mayo,78280,san luis potosi,san luis potos,Mexico,18,58,11:31 AM,8:16 PM
62,4,tacos los volcanes,esquina santos degollado y leon guzman,78269,san luis potosi,san luis potos,Mexico,10,28,8:48 AM,10:50 PM
63,2,tacos los volcanes,Himno Nacional 100 Avenida,78396,san luis potosi,san luis potos,Mexico,16,39,1:11 AM,4:46 PM
64,1,tacos los volcanes,Francisco I. Madero 215,78310,san luis potosi,san luis potos,Mexico,9,98,2:11 AM,6:46 PM
65,3,tacos los volcanes,Industrias 908 Valle Dorado,78740,san luis potosi,san luis potos,Mexico,13,26,1:38 AM,6:12 PM
66,3,tacos los volcanes,Guajardo Sn San Luis Potosi Centro,78395,san luis potosi,san luis potos,Mexico,20,24,4:10 AM,4:56 PM
67,2,Giovannis,Domingo 10 711 El Empleado,62170,Jiutepec,Morelos,Mexico,18,34,1:51 AM,5:28 PM
68,4,Giovannis,Emiliano Zapata Col. Tres de Mayo,62250,Jiutepec,Morelos,Mexico,17,21,10:53 AM,4:12 PM
69,5,Giovannis,40 Norte Civac 1RA. Seccion,62790,Jiutepec,Morelos,Mexico,14,75,8:11 AM,5:02 PM
70,4,tacos de la estacion,Lateral Salvador Nava Martinez 3145,78740,Cd Victoria,S.L.P.,Mexico,13,61,11:53 AM,11:12 PM
71,4,tacos de la estacion,lic. Emilio portes gil,87018,Ciudad Victoria,Morelos,Mexico,18,82,9:55 AM,10:18 PM
72,3,tacos de la estacion,Libramiento Burgos Colonia Las Animas,79300,Cd. Victoria,mexico,Mexico,14,81,5:04 AM,5:11 PM
73,3,Subway,Venustiano Carranza 2175 Jardin,78290,Cuernavaca,Tamaulipas,Mexico,15,44,9:16 AM,7:39 PM
74,1,Subway,Venustiano Carranza 303 Centro,78310,Cuernavaca,mexico,Mexico,17,60,2:26 AM,1:25 PM
75,3,Subway,Venustiano Carranza 560 Centro,78349,Cuernavaca,mexico,Mexico,8,66,10:24 AM,8:53 PM
76,3,Taqueria EL amigo ,Agricultura 595 del Valle,78220,s.l.p.,Tamaulipas,Mexico,10,80,4:48 AM,5:33 PM
77,2,Taqueria EL amigo ,agustin de iturbide,78240,san luis potos,Tamaulipas,Mexico,13,99,6:58 AM,5:03 PM
78,2,Taqueria EL amigo ,Alhondiga 62 Centro,78250,San Luis Potosi,Tamaulipas,Mexico,10,50,8:10 AM,2:08 PM
79,1,Restaurant de Mariscos de Picon,Lateral Salvador Nava Martinez 3145,74000,San Luis Potosi,SLP,Mexico,5,99,8:58 AM,4:00 PM
80,1,Restaurant de Mariscos de Picon,Libramiento Burgos Colonia Las Animas,78000,San Luis Potosi,SLP,Mexico,18,28,6:25 AM,11:28 PM
81,5,Restaurant de Mariscos de Picon,lic. Emilio portes gil,78038,San Luis Potosi,SLP,Mexico,14,90,1:00 AM,5:25 PM
82,4,Carreton de Flautas y Migadas,Satelite 606 Satelite,78396,s.l.p,Morelos,Mexico,19,33,8:31 AM,2:44 PM
83,3,Carreton de Flautas y Migadas,sevilla y olmedo 715 a,78399,s.l.p.,S.L.P.,Mexico,18,54,10:20 AM,4:17 PM
84,2,Carreton de Flautas y Migadas,Santos Degollado 745 los Alamitos,78395,Jiutepec,mexico,Mexico,13,100,1:10 AM,10:29 PM
85,1,Restaurante Versalles,Av. Coral,78214,San Luis Potosi,SLP,Mexico,11,23,6:00 AM,7:20 PM
86,3,Restaurante Versalles,Francisco I. Madero 145 Centro,78000,San Luis Potosi,SLP,Mexico,19,96,3:00 AM,11:10 PM
87,1,Restaurante Versalles,Soledad Sn Arboledas de Soledad,78421,san luis potos,SLP,Mexico,20,65,8:08 AM,9:58 PM
88,2,Abondance Restaurante Bar,agustin de iturbide,62250,san luis potos,SLP,Mexico,19,40,7:04 AM,5:14 PM
89,5,Abondance Restaurante Bar,Alhondiga 62 Centro,62290,San Luis Potosi,SLP,Mexico,19,53,1:14 AM,4:10 PM
90,4,Abondance Restaurante Bar,Anahuac 805,78280,san luis potosi ,SLP,Mexico,10,23,11:02 AM,6:25 PM
91,1,El cotorreo,Plaza del Carmen,78310,Cuernavaca,Morelos,Mexico,6,31,10:53 AM,6:51 PM
92,1,El cotorreo,Ricardo B. Anaya,78395,Cuernavaca,Morelos,Mexico,17,93,9:03 AM,7:48 PM
93,3,El cotorreo,Paseo de las Fuentes,78290,Cuernavaca,Morelos,Mexico,13,62,10:59 AM,7:23 PM
94,2,El cotorreo,r.b. anaya esq. florencia,78349,Cuernavaca,Morelos,Mexico,19,80,4:30 AM,10:18 PM
95,5,El cotorreo,Pascual M. Hernandez 240,78280,Cuernavaca,Morelos,Mexico,16,47,2:54 AM,1:07 PM
96,2,El cotorreo,Rayon sn col. Centro,78390,Cuernavaca,Morelos,Mexico,9,90,2:08 AM,10:27 PM
97,2,Cafeteria cenidet,Federal Mexico - Acapulco 10 3 de Mayo,62790,Cuernavaca,Morelos,Mexico,7,39,5:01 AM,1:37 PM
98,2,Cafeteria cenidet,Lomas del Mirador,62790,Cuernavaca,S.L.P.,Mexico,8,97,10:42 AM,3:59 PM
99,5,Cafeteria cenidet,Francisco I. Madero 145 Centro,64000,Cuernavaca,Morelos,Mexico,10,56,10:09 AM,6:35 PM
100,2,puesto de gorditas,frente al tecnologico,78421,victoria,tamaulipas,Mexico,8,87,10:31 AM,2:52 PM
101,1,puesto de gorditas,Rio Mayo Colonia Vista Hermosa Esq. Rio Balsas,78220,victoria,tamaulipas,Mexico,11,56,6:49 AM,4:11 PM
102,2,puesto de gorditas,Zaragoza entre Francisco Zarco y Lopez Velarde,78399,victoria,tamaulipas,Mexico,8,73,6:28 AM,8:41 PM
103,5,puesto de tacos,Munoz Sn Centro,78038,san luis potos,S.L.P.,Mexico,10,36,6:42 AM,7:11 PM
104,2,puesto de tacos,Mexico 810 Centro,74000,s.l.p,mexico,Mexico,7,96,5:28 AM,5:47 PM
105,1,puesto de tacos,Miguel Barragan 46 Centro,78000,s.l.p.,Morelos,Mexico,14,65,1:07 AM,1:42 PM
106,1,Cafe Chaires,Tangamanga 7 Tangamanga,87018,San Luis Potosi,S.L.P.,Mexico,10,53,5:19 AM,10:48 PM
107,2,Cafe Chaires,tampico,79300,San Luis Potosi,Morelos,Mexico,8,27,5:36 AM,8:50 PM
108,4,Cafe Chaires,Universidad 169,62790,San Luis Potosi,mexico,Mexico,9,21,5:25 AM,4:26 PM
109,5,Gorditas Doa Gloria,Cordillera de Los Alpes 675 Loma Verde,64000,victoria ,san luis potosi,Mexico,13,36,9:31 AM,5:00 PM
110,2,Gorditas Doa Gloria,Costado Sur Central Camionera Km 2,74000,san luis potosi,san luis potosi,Mexico,16,33,3:08 AM,3:17 PM
111,4,Gorditas Doa Gloria,Rio Papaloapan 265 Lomas de San Luis (3),78390,Cuernavaca,mexico,Mexico,12,46,9:43 AM,1:39 PM
112,1,McDonalds Centro,lic. Emilio portes gil,78214,Cuernavaca,Morelos,Mexico,13,76,8:21 AM,4:11 PM
113,4,McDonalds Centro,Mexico 2015 Providencia,78240,Cuernavaca,Morelos,Mexico,5,51,5:23 AM,6:07 PM
114,3,McDonalds Centro,Lomas del Mirador,78220,Cuernavaca,Morelos,Mexico,6,84,3:37 AM,2:43 PM
115,5,McDonalds Centro,Libramiento Burgos Colonia Las Animas,78210,Cuernavaca,Morelos,Mexico,19,41,4:30 AM,3:41 PM
116,4,el lechon potosino ,circuito oriente esq. carretera 57,62170,san luis potosi ,slp,Mexico,5,64,2:28 AM,9:32 PM
117,1,el lechon potosino ,circuito oriente esq. carretera 57,62000,san luis potosi ,slp,Mexico,8,80,7:37 AM,6:42 PM
118,5,el lechon potosino ,circuito oriente esq. carretera 57,62250,san luis potosi ,slp,Mexico,11,56,10:50 AM,10:32 PM
119,3,don burguers,r.b. anaya esq. florencia,62290,slp,slp,Mexico,9,26,5:21 AM,1:10 PM
120,5,don burguers,r.b. anaya esq. florencia,62250,slp,slp,Mexico,14,78,5:19 AM,7:07 PM
121,4,don burguers,r.b. anaya esq. florencia,62320,slp,slp,Mexico,13,32,2:17 AM,4:44 PM
122,2,tacos de barbacoa enfrente del Tec,Ricardo B. Anaya 2700 Estrella de Oriente,78396,Cd Victoria,mexico,Mexico,16,68,3:17 AM,10:27 PM
123,3,tacos de barbacoa enfrente del Tec,69 Tres De Mayo,62000,s.l.p,SLP,Mexico,8,26,9:15 AM,9:19 PM
124,3,tacos de barbacoa enfrente del Tec,Agricultura 595 del Valle,62170,s.l.p.,Tamaulipas,Mexico,10,39,3:49 AM,1:26 PM
125,5,KFC,Camino a Simon Diaz 155 Centro,78280,San Luis Potosi,San Luis Potosi,Mexico,9,75,5:26 AM,3:19 PM
126,3,KFC,calle emilio portes gil,64000,San Luis Potosi,San Luis Potosi,Mexico,12,45,9:10 AM,4:42 PM
127,3,KFC,avenida hivno nacional,62460,San Luis Potosi,San Luis Potosi,Mexico,15,28,10:08 AM,9:44 PM
128,4,KFC,carr. mexico,78290,San Luis Potosi,San Luis Potosi,Mexico,19,22,4:10 AM,3:35 PM
129,1,KFC,Calle Mezquite Fracc Framboyanes,62790,San Luis Potosi,San Luis Potosi,Mexico,11,44,6:37 AM,1:38 PM
130,4,KFC,avenida salvador montiel ,62790,San Luis Potosi,San Luis Potosi,Mexico,19,26,7:27 AM,7:12 PM
131,2,Unicols Pizza,Anahuac 805,78270,San Luis Potosi,San Luis Potosi,Mexico,15,24,3:15 AM,2:48 PM
132,4,Unicols Pizza,Alhondiga 62 Centro,78269,San Luis Potosi,San Luis Potosi,Mexico,14,100,11:47 AM,6:32 PM
133,2,Unicols Pizza,Angel Veral 328 Altamira,78280,San Luis Potosi,San Luis Potosi,Mexico,17,91,8:12 AM,3:18 PM
134,5,Hamburguesas Valle Dorado,Av. Carranza 830,78280,Soledad,San Luis Potosi,Mexico,11,60,11:00 AM,2:15 PM
135,1,Hamburguesas Valle Dorado,Anahuac 805,78269,san luis potosi ,San Luis Potosi,Mexico,10,78,11:20 AM,4:23 PM
136,4,Hamburguesas Valle Dorado,Angel Veral 328 Altamira,78270,slp,San Luis Potosi,Mexico,9,39,1:58 AM,3:20 PM
137,3,shi ro ie,Mexico 2015 Providencia,78038,san luis potos,mexico,Mexico,10,29,2:59 AM,2:24 PM
138,2,shi ro ie,La Pradera,87018,Ciudad Victoria,Tamaulipas,Mexico,8,22,5:12 AM,1:34 PM
139,5,shi ro ie,Lomas del Mirador,78000,s.l.p.,S.L.P.,Mexico,12,43,5:40 AM,1:26 PM
140,3,shi ro ie,Ignacio Aldama 300 Centro,78399,?,S.L.P.,Mexico,10,26,8:38 AM,3:17 PM
141,1,shi ro ie,Julian de Los Reyes 400 Centro,79300,Cd. Victoria,SLP,Mexico,20,38,5:06 AM,2:37 PM
142,4,shi ro ie,Lateral Salvador Nava Martinez 3145,62790,Cuernavaca,mexico,Mexico,8,88,5:19 AM,10:14 PM
143,4,shi ro ie,Mexico 810 Centro,78200,San Luis Potosi,S.L.P.,Mexico,11,32,5:49 AM,9:26 PM
144,4,shi ro ie,Ignacio Allende 785 Centro,78421,?,mexico,Mexico,17,79,1:05 AM,2:33 PM
145,5,shi ro ie,Interior Internado Palmira SN,78433,?,Morelos,Mexico,18,49,6:14 AM,7:58 PM
146,4,shi ro ie,Himno Nacional 2104 Tangamanga,78395,?,mexico,Mexico,5,69,5:10 AM,7:52 PM
147,2,shi ro ie,Jesus Goytortua 390 Tangamanga,78740,Cd Victoria,S.L.P.,Mexico,9,60,11:28 AM,3:04 PM
148,1,shi ro ie,Libramiento Burgos Colonia Las Animas,64000,Jiutepec,mexico,Mexico,15,36,7:15 AM,5:01 PM
149,2,shi ro ie,lic. Emilio portes gil,74000,s.l.p,Morelos,Mexico,9,98,10:57 AM,7:36 PM
150,3,shi ro ie,Himno nacional esq. Blvd. Juarez,78396,?,Morelos,Mexico,8,23,11:48 AM,11:54 PM
151,1,shi ro ie,Industrias 908 Valle Dorado,78430,?,mexico,Mexico,9,43,7:30 AM,11:15 PM
152,2,Rincon del Bife,1a. de Lozada 1,78210,Cd Victoria,mexico,Mexico,19,52,8:56 AM,8:17 PM
153,2,Rincon del Bife,lic. Emilio portes gil,78395,San Luis Potosi,Tamaulipas,Mexico,20,26,1:46 AM,6:47 PM
154,5,Rincon del Bife,36 Sur Civac,78269,Ciudad Victoria,S.L.P.,Mexico,12,86,7:52 AM,10:14 PM
155,1,Rincon del Bife,20 de Noviembre 1817 Tlaxcala,78214,Cd. Victoria,Morelos,Mexico,6,84,1:05 AM,9:28 PM
156,5,Rincon del Bife,40 Norte Civac 1RA. Seccion,78270,Cuernavaca,mexico,Mexico,8,84,11:53 AM,9:17 PM
157,3,Rincon del Bife,Agricultura 595 del Valle,78421,s.l.p.,S.L.P.,Mexico,6,26,2:43 AM,8:17 PM
158,2,Rincon del Bife,La Pradera,78310,s.l.p,Morelos,Mexico,9,59,10:20 AM,2:02 PM
159,5,Rincon del Bife,69 Tres De Mayo,78399,s.l.p,Morelos,Mexico,11,47,1:19 AM,4:47 PM
160,2,Rincon del Bife,Libramiento Burgos Colonia Las Animas,78390,san luis potos,SLP,Mexico,18,90,3:49 AM,6:25 PM
161,1,Rincon del Bife,Lateral Salvador Nava Martinez 3145,78349,s.l.p.,S.L.P.,Mexico,19,74,8:55 AM,9:42 PM
162,1,Rincon del Bife,524 Soledad de Graciano Sanchez,78280,Jiutepec,mexico,Mexico,13,68,10:42 AM,9:12 PM
163,5,Rincon del Bife,agustin de iturbide,78430,san luis potos,SLP,Mexico,13,69,9:38 AM,11:23 PM
164,5,Restaurant and Bar and Clothesline Carlos N Charlies,Domingo 10 711 El Empleado,78399,Cuernavaca,Morelos,Mexico,11,89,1:15 AM,9:08 PM
165,1,Restaurant and Bar and Clothesline Carlos N Charlies,Domingo 10 711 El Empleado,78740,Cuernavaca,Morelos,Mexico,12,44,6:29 AM,7:19 PM
166,5,Restaurant and Bar and Clothesline Carlos N Charlies,Domingo 10 711 El Empleado,78433,Cuernavaca,Morelos,Mexico,8,78,11:48 AM,8:12 PM
167,4,Restaurant and Bar and Clothesline Carlos N Charlies,Domingo 10 711 El Empleado,78430,Cuernavaca,Morelos,Mexico,13,69,11:29 AM,2:21 PM
168,4,Restaurant and Bar and Clothesline Carlos N Charlies,Domingo 10 711 El Empleado,78390,Cuernavaca,Morelos,Mexico,18,54,10:35 AM,8:06 PM
169,3,Restaurant and Bar and Clothesline Carlos N Charlies,Domingo 10 711 El Empleado,78421,Cuernavaca,Morelos,Mexico,8,97,7:52 AM,7:30 PM
170,5,Restaurant and Bar and Clothesline Carlos N Charlies,Domingo 10 711 El Empleado,79300,Cuernavaca,Morelos,Mexico,7,80,8:14 AM,8:13 PM
171,3,Restaurant and Bar and Clothesline Carlos N Charlies,Domingo 10 711 El Empleado,78396,Cuernavaca,Morelos,Mexico,11,100,1:02 AM,5:41 PM
172,2,Restaurant and Bar and Clothesline Carlos N Charlies,Domingo 10 711 El Empleado,78395,Cuernavaca,Morelos,Mexico,14,27,1:38 AM,7:03 PM
173,5,Restaurant and Bar and Clothesline Carlos N Charlies,Domingo 10 711 El Empleado,87018,Cuernavaca,Morelos,Mexico,18,23,7:27 AM,9:46 PM
174,3,Restaurant and Bar and Clothesline Carlos N Charlies,Domingo 10 711 El Empleado,62250,Cuernavaca,Morelos,Mexico,9,62,3:44 AM,3:37 PM
175,1,Restaurant Teely,Ignacio Aldama 300 Centro,78240,Cuernavaca,Morelos,Mexico,18,59,5:09 AM,3:32 PM
176,5,Restaurant Teely,De La Estrella 2005 Estrella de Oriente,62000,Cuernavaca,Morelos,Mexico,13,75,7:45 AM,9:32 PM
177,4,Restaurant Teely,De Guadalupe 460 San Miguelito,78421,Cuernavaca,Morelos,Mexico,14,68,1:49 AM,8:23 PM
178,2,Restaurant Teely,Cuauhtemoc 455,78399,Cuernavaca,Morelos,Mexico,18,46,11:23 AM,9:25 PM
179,3,Restaurant Teely,Himno nacional esq. Blvd. Juarez,78220,Cuernavaca,Morelos,Mexico,20,43,10:41 AM,9:56 PM
180,1,Restaurant Teely,General Mariano Arista 1205 Barrio de Tequisquiap,78038,Cuernavaca,Morelos,Mexico,17,40,5:00 AM,9:14 PM
181,5,Restaurant Teely,Himno Nacional 2104 Tangamanga,78214,Cuernavaca,Morelos,Mexico,16,99,5:37 AM,4:27 PM
182,1,Restaurant Teely,Himno Nacional 100 Avenida,78210,Cuernavaca,Morelos,Mexico,12,27,3:03 AM,5:27 PM
183,1,Restaurant Teely,Guajardo Sn San Luis Potosi Centro,78200,Cuernavaca,Morelos,Mexico,6,21,7:04 AM,9:09 PM
184,1,El Mundo de la Pasta,venustiano carranza,79300,San Luis Potosi,SLP,Mexico,15,63,6:49 AM,10:19 PM
185,1,El Mundo de la Pasta,Venustiano Carranza 2175 Jardin,78210,San Luis Potosi,SLP,Mexico,10,39,11:21 AM,2:31 PM
186,3,El Mundo de la Pasta,Venustiano Carranza 303 Centro,78210,San Luis Potosi,SLP,Mexico,8,65,1:16 AM,3:25 PM
187,1,El Mundo de la Pasta,Rio Papaloapan 265 Lomas de San Luis (3),78210,San Luis Potosi,SLP,Mexico,7,21,8:57 AM,4:37 PM
188,3,El Mundo de la Pasta,Villa de Pozos 192 Villa de Pozos,78210,San Luis Potosi,SLP,Mexico,20,92,9:16 AM,11:34 PM
189,2,El Mundo de la Pasta,Venustiano Carranza 560 Centro,78210,San Luis Potosi,SLP,Mexico,14,69,11:17 AM,6:04 PM
190,2,El Mundo de la Pasta,Venustiano Carranza 1625 Jardin,87018,San Luis Potosi,SLP,Mexico,5,86,8:05 AM,5:46 PM
191,4,El Mundo de la Pasta,Venustiano Carranza 719 Centro,78210,San Luis Potosi,SLP,Mexico,10,97,6:09 AM,6:49 PM
192,3,El Mundo de la Pasta,Venustiano Carranza 1809 C Polanco,78210,San Luis Potosi,SLP,Mexico,9,25,7:53 AM,11:57 PM
193,1,Restaurant los Compadres,Camino a Simon Diaz 155 Centro,74000,San Luis Potosi,SLP,Mexico,11,58,4:18 AM,5:46 PM
194,1,Restaurant los Compadres,Camino a Simon Diaz 155 Centro,62320,San Luis Potosi,SLP,Mexico,10,75,7:08 AM,3:24 PM
195,4,Restaurant los Compadres,Camino a Simon Diaz 155 Centro,62460,San Luis Potosi,SLP,Mexico,14,47,2:48 AM,2:48 PM
196,2,Restaurant los Compadres,Camino a Simon Diaz 155 Centro,62790,San Luis Potosi,SLP,Mexico,20,74,4:58 AM,5:56 PM
197,5,Restaurant los Compadres,Camino a Simon Diaz 155 Centro,64000,San Luis Potosi,SLP,Mexico,15,56,8:43 AM,6:16 PM
198,5,Restaurant los Compadres,Camino a Simon Diaz 155 Centro,78200,San Luis Potosi,SLP,Mexico,5,34,3:12 AM,4:17 PM
199,5,Restaurant los Compadres,Camino a Simon Diaz 155 Centro,78038,San Luis Potosi,SLP,Mexico,6,91,7:33 AM,10:47 PM
200,3,Restaurant los Compadres,Camino a Simon Diaz 155 Centro,78000,San Luis Potosi,SLP,Mexico,13,90,2:41 AM,2:25 PM
201,1,Restaurant los Compadres,Camino a Simon Diaz 155 Centro,62290,San Luis Potosi,SLP,Mexico,12,27,10:34 AM,8:25 PM
202,4,Restaurante la Gran Via,Venustiano Carranza 560 Centro,78269,San Luis Potosi,SLP,Mexico,19,72,10:17 AM,9:27 PM
203,4,Restaurante la Gran Via,Venustiano Carranza 560 Centro,78240,San Luis Potosi,SLP,Mexico,12,54,10:39 AM,10:06 PM
204,1,Restaurante la Gran Via,Venustiano Carranza 560 Centro,78250,San Luis Potosi,SLP,Mexico,15,21,8:38 AM,3:43 PM
205,5,Restaurante la Gran Via,Venustiano Carranza 560 Centro,78000,San Luis Potosi,SLP,Mexico,10,90,6:59 AM,7:02 PM
206,4,Restaurante la Gran Via,Venustiano Carranza 560 Centro,78270,San Luis Potosi,SLP,Mexico,18,30,1:46 AM,7:43 PM
207,2,Restaurante Casa de las Flores,General Mariano Arista 1205 Barrio de Tequisquiap,78310,San Luis Potosi,SLP,Mexico,6,40,3:11 AM,1:26 PM
208,2,Restaurante Casa de las Flores,General Mariano Arista 1205 Barrio de Tequisquiap,87018,San Luis Potosi,SLP,Mexico,12,37,1:57 AM,7:58 PM
209,4,Restaurante Casa de las Flores,frente al tecnologico,78000,San Luis Potosi,SLP,Mexico,17,76,11:12 AM,11:50 PM
210,4,Restaurante Casa de las Flores,Francisco I. Madero 215,74000,San Luis Potosi,SLP,Mexico,12,51,9:46 AM,11:36 PM
211,5,Restaurante Casa de las Flores,Emiliano Zapata No. 825 Tlaltenongo,78740,San Luis Potosi,SLP,Mexico,13,83,10:33 AM,5:17 PM
212,4,Restaurante Bar Fu-hao,Jesus Goytortua 390 Tangamanga,78290,San Luis Potosi,SLP,Mexico,10,51,5:03 AM,7:36 PM
213,5,Restaurante Bar Fu-hao,Jesus Goytortua 390 Tangamanga,78310,San Luis Potosi,SLP,Mexico,12,41,8:58 AM,4:03 PM
214,2,Restaurante Bar Fu-hao,Jesus Goytortua 390 Tangamanga,78240,San Luis Potosi,SLP,Mexico,13,28,2:40 AM,1:50 PM
215,3,Restaurante Bar Fu-hao,Jesus Goytortua 390 Tangamanga,78250,San Luis Potosi,SLP,Mexico,14,79,11:39 AM,8:38 PM
216,3,Restaurante Bar Fu-hao,Jesus Goytortua 390 Tangamanga,78220,San Luis Potosi,SLP,Mexico,18,47,6:52 AM,5:31 PM
217,4,Restaurante Bar Fu-hao,Jesus Goytortua 390 Tangamanga,78214,San Luis Potosi,SLP,Mexico,17,85,6:38 AM,11:15 PM
218,3,Restaurante Bar Fu-hao,Jesus Goytortua 390 Tangamanga,78280,San Luis Potosi,SLP,Mexico,5,100,11:12 AM,2:48 PM
219,4,Restaurante Bar Fu-hao,Jesus Goytortua 390 Tangamanga,78270,San Luis Potosi,SLP,Mexico,19,42,7:54 AM,6:49 PM
220,2,Restaurante Bar Fu-hao,Jesus Goytortua 390 Tangamanga,78210,San Luis Potosi,SLP,Mexico,7,43,9:18 AM,1:41 PM
221,4,Restaurante Bar Fu-hao,Jesus Goytortua 390 Tangamanga,78038,San Luis Potosi,SLP,Mexico,15,84,4:40 AM,3:22 PM
222,3,Restaurante Bar Fu-hao,Jesus Goytortua 390 Tangamanga,78200,San Luis Potosi,SLP,Mexico,15,99,5:01 AM,10:22 PM
223,4,Restaurante Bar Fu-hao,Jesus Goytortua 390 Tangamanga,78269,San Luis Potosi,SLP,Mexico,5,70,10:26 AM,11:29 PM
224,3,Restaurante la Estrella de Dima,Soledad Sn Arboledas de Soledad,78430,Soledad,SLP,Mexico,18,63,8:40 AM,1:28 PM
225,4,La Cantina Restaurante,Venustiano Carranza 1625 Jardin,87018,victoria,S.L.P.,Mexico,8,43,9:34 AM,5:17 PM
226,5,La Cantina Restaurante,Ignacio Aldama 300 Centro,78740,San Luis Potosi,SLP,Mexico,20,89,11:38 AM,5:02 PM
227,1,La Cantina Restaurante,Ignacio Aldama 300 Centro,79300,San Luis Potosi,SLP,Mexico,18,80,4:50 AM,1:25 PM
228,4,La Cantina Restaurante,venustiano carranza,79300,Soledad,Morelos,Mexico,7,26,10:29 AM,1:50 PM
229,3,La Cantina Restaurante,Villa de Pozos 192 Villa de Pozos,78310,San Luis Potosi,SLP,Mexico,7,94,9:41 AM,9:31 PM
230,5,La Cantina Restaurante,Ignacio Aldama 300 Centro,78396,San Luis Potosi,SLP,Mexico,7,79,5:21 AM,4:54 PM
231,5,La Cantina Restaurante,Ignacio Aldama 300 Centro,78433,San Luis Potosi,SLP,Mexico,11,35,3:12 AM,2:43 PM
232,1,La Cantina Restaurante,Ignacio Aldama 300 Centro,78430,San Luis Potosi,SLP,Mexico,11,85,1:10 AM,9:38 PM
233,3,La Cantina Restaurante,Venustiano Carranza 2175 Jardin,64000,San Luis Potosi,S.L.P.,Mexico,14,61,11:50 AM,3:36 PM
234,5,La Cantina Restaurante,Ignacio Aldama 300 Centro,78421,San Luis Potosi,SLP,Mexico,6,57,4:29 AM,7:11 PM
235,2,La Cantina Restaurante,Venustiano Carranza 719 Centro,78290,San Luis Potosi,SLP,Mexico,17,86,3:05 AM,3:38 PM
236,5,La Cantina Restaurante,Venustiano Carranza 1809 C Polanco,62790,victoria ,mexico,Mexico,15,78,9:46 AM,11:05 PM
237,5,La Cantina Restaurante,Venustiano Carranza 303 Centro,78214,San Luis Potosi,SLP,Mexico,16,28,2:28 AM,11:44 PM
238,4,La Cantina Restaurante,Villa de Pozos 4497 Villa de Pozos,78349,San Luis Potosi,SLP,Mexico,9,82,1:56 AM,6:36 PM
239,2,La Cantina Restaurante,Zaragoza entre Francisco Zarco y Lopez Velarde,78390,San Luis Potosi,SLP,Mexico,12,33,5:55 AM,10:25 PM
240,1,La Cantina Restaurante,Ignacio Aldama 300 Centro,78399,San Luis Potosi,SLP,Mexico,11,27,8:52 AM,11:50 PM
241,1,La Cantina Restaurante,Ignacio Aldama 300 Centro,78395,San Luis Potosi,SLP,Mexico,17,100,8:31 AM,9:56 PM
242,2,La Cantina Restaurante,Venustiano Carranza 560 Centro,78280,San Luis Potosi,SLP,Mexico,16,89,10:47 AM,9:06 PM
243,2,La Fontana Pizza Restaurante and Cafe,Satelite 606 Satelite,78349,San Luis Potosi,SLP,Mexico,6,71,2:22 AM,10:56 PM
244,4,La Fontana Pizza Restaurante and Cafe,Satelite 606 Satelite,78433,San Luis Potosi,SLP,Mexico,7,57,5:57 AM,4:28 PM
245,3,La Fontana Pizza Restaurante and Cafe,Satelite 606 Satelite,78396,San Luis Potosi,SLP,Mexico,20,72,9:08 AM,8:59 PM
246,3,La Fontana Pizza Restaurante and Cafe,Satelite 606 Satelite,78399,San Luis Potosi,SLP,Mexico,14,37,8:02 AM,2:19 PM
247,5,La Fontana Pizza Restaurante and Cafe,Satelite 606 Satelite,78421,San Luis Potosi,SLP,Mexico,5,99,3:01 AM,6:32 PM
248,2,La Fontana Pizza Restaurante and Cafe,Satelite 606 Satelite,78740,San Luis Potosi,SLP,Mexico,11,47,11:15 AM,9:00 PM
249,4,La Fontana Pizza Restaurante and Cafe,Satelite 606 Satelite,78390,San Luis Potosi,SLP,Mexico,20,57,8:20 AM,2:13 PM
250,2,La Fontana Pizza Restaurante and Cafe,Satelite 606 Satelite,87018,San Luis Potosi,SLP,Mexico,6,77,9:49 AM,3:38 PM
251,3,La Fontana Pizza Restaurante and Cafe,Satelite 606 Satelite,78395,San Luis Potosi,SLP,Mexico,9,40,4:30 AM,5:15 PM
252,2,La Fontana Pizza Restaurante and Cafe,Satelite 606 Satelite,78430,San Luis Potosi,SLP,Mexico,13,45,1:47 AM,11:50 PM
253,3,La Fontana Pizza Restaurante and Cafe,Satelite 606 Satelite,62460,San Luis Potosi,SLP,Mexico,14,82,3:25 AM,7:34 PM
254,5,La Fontana Pizza Restaurante and Cafe,Satelite 606 Satelite,79300,San Luis Potosi,SLP,Mexico,12,87,8:13 AM,8:17 PM
255,5,Restaurante y Pescaderia Tampico,Ricardo B. Anaya 2700 Estrella de Oriente,78280,San Luis Potosi,SLP,Mexico,20,35,3:52 AM,8:34 PM
256,2,Restaurante y Pescaderia Tampico,Ricardo B. Anaya 2700 Estrella de Oriente,78421,San Luis Potosi,SLP,Mexico,16,46,3:13 AM,10:55 PM
257,3,Restaurante y Pescaderia Tampico,Ricardo B. Anaya 2700 Estrella de Oriente,78269,San Luis Potosi,SLP,Mexico,5,44,10:24 AM,9:37 PM
258,2,Restaurante y Pescaderia Tampico,Ricardo B. Anaya 2700 Estrella de Oriente,78433,San Luis Potosi,SLP,Mexico,5,49,8:03 AM,2:10 PM
259,3,Restaurante y Pescaderia Tampico,Ricardo B. Anaya 2700 Estrella de Oriente,78210,San Luis Potosi,SLP,Mexico,15,95,10:08 AM,9:53 PM
260,1,Restaurante y Pescaderia Tampico,Ricardo B. Anaya 2700 Estrella de Oriente,78214,San Luis Potosi,SLP,Mexico,5,79,10:17 AM,9:52 PM
261,3,Restaurante y Pescaderia Tampico,Ricardo B. Anaya 2700 Estrella de Oriente,78399,San Luis Potosi,SLP,Mexico,7,56,2:37 AM,4:38 PM
262,5,Restaurante y Pescaderia Tampico,Ricardo B. Anaya 2700 Estrella de Oriente,78270,San Luis Potosi,SLP,Mexico,5,45,10:46 AM,1:32 PM
263,3,Restaurante y Pescaderia Tampico,Ricardo B. Anaya 2700 Estrella de Oriente,78430,San Luis Potosi,SLP,Mexico,8,46,5:43 AM,9:07 PM
264,5,la Cochinita Pibil Restaurante Yucateco,Ricardo B. Anaya,78200,San Luis Potosi,SLP,Mexico,14,96,2:23 AM,5:22 PM
265,4,la Cochinita Pibil Restaurante Yucateco,Rio Mayo Colonia Vista Hermosa Esq. Rio Balsas,78269,San Luis Potosi,SLP,Mexico,6,82,6:37 AM,7:03 PM
266,3,la Cochinita Pibil Restaurante Yucateco,Pascual M. Hernandez 210 Centro,62460,San Luis Potosi,SLP,Mexico,11,52,4:10 AM,9:01 PM
267,5,la Cochinita Pibil Restaurante Yucateco,Pascual M. Hernandez 240,62790,San Luis Potosi,SLP,Mexico,20,91,9:30 AM,8:15 PM
268,5,la Cochinita Pibil Restaurante Yucateco,Rio Mayo 17 Vista Hermosa,78214,San Luis Potosi,SLP,Mexico,12,62,11:41 AM,2:19 PM
269,5,la Cochinita Pibil Restaurante Yucateco,Ricardo B. Anaya 2700 Estrella de Oriente,78210,San Luis Potosi,SLP,Mexico,8,73,7:26 AM,2:21 PM
270,3,la Cochinita Pibil Restaurante Yucateco,NICOLAS ZAPATA 300,62320,San Luis Potosi,SLP,Mexico,17,41,2:53 AM,10:56 PM
271,2,la Cochinita Pibil Restaurante Yucateco,Plaza del Carmen,74000,San Luis Potosi,SLP,Mexico,11,37,7:50 AM,11:08 PM
272,3,la Cochinita Pibil Restaurante Yucateco,Rayon sn col. Centro,78038,San Luis Potosi,SLP,Mexico,13,40,1:13 AM,2:13 PM
273,4,la Cochinita Pibil Restaurante Yucateco,Paseo de las Fuentes,64000,San Luis Potosi,SLP,Mexico,11,48,4:54 AM,8:38 PM
274,5,la Cochinita Pibil Restaurante Yucateco,Rio Papaloapan 265 Lomas de San Luis (3),78270,San Luis Potosi,SLP,Mexico,9,58,2:27 AM,6:51 PM
275,2,la Cochinita Pibil Restaurante Yucateco,r.b. anaya esq. florencia,78000,San Luis Potosi,SLP,Mexico,16,69,1:54 AM,4:13 PM
276,1,Restaurante El Chivero S.A. de C.V.,Angel Veral 328 Altamira,78000,San Luis Potosi,SLP,Mexico,11,42,7:17 AM,3:28 PM
277,5,Restaurante El Chivero S.A. de C.V.,Angel Veral 328 Altamira,78038,San Luis Potosi,SLP,Mexico,18,79,3:27 AM,5:37 PM
278,1,Restaurante El Chivero S.A. de C.V.,Angel Veral 328 Altamira,74000,San Luis Potosi,SLP,Mexico,19,92,5:54 AM,5:44 PM
279,4,Restaurante El Chivero S.A. de C.V.,Angel Veral 328 Altamira,62790,San Luis Potosi,SLP,Mexico,12,31,6:53 AM,1:52 PM
280,2,Restaurante El Chivero S.A. de C.V.,Angel Veral 328 Altamira,64000,San Luis Potosi,SLP,Mexico,14,31,6:50 AM,1:39 PM
281,4,Restaurante El Chivero S.A. de C.V.,Angel Veral 328 Altamira,62290,San Luis Potosi,SLP,Mexico,11,76,2:58 AM,2:26 PM
282,1,Restaurante El Chivero S.A. de C.V.,Angel Veral 328 Altamira,62460,San Luis Potosi,SLP,Mexico,15,57,8:25 AM,4:08 PM
283,4,Restaurante El Chivero S.A. de C.V.,Angel Veral 328 Altamira,78200,San Luis Potosi,SLP,Mexico,16,98,11:29 AM,5:26 PM
284,1,Restaurante El Chivero S.A. de C.V.,Angel Veral 328 Altamira,62320,San Luis Potosi,SLP,Mexico,16,96,1:57 AM,2:07 PM
285,2,El angel Restaurante,Emiliano Zapata No. 825 Tlaltenongo,78000,San Luis Potosi,SLP,Mexico,9,73,7:58 AM,11:48 PM
286,2,El angel Restaurante,Industrias 908 Valle Dorado,78390,San Luis Potosi,SLP,Mexico,18,72,9:15 AM,3:50 PM
287,4,El angel Restaurante,Tangamanga 7 Tangamanga,62000,San Luis Potosi,SLP,Mexico,17,100,4:19 AM,6:09 PM
288,3,El angel Restaurante,Ignacio Aldama 300 Centro,78310,San Luis Potosi,SLP,Mexico,16,84,10:05 AM,3:16 PM
289,4,El angel Restaurante,Soledad Sn Arboledas de Soledad,78430,San Luis Potosi,SLP,mexico,5,89,7:29 AM,7:16 PM
290,5,El angel Restaurante,De Guadalupe 460 San Miguelito,62460,San Luis Potosi,SLP,Mexico,13,97,11:08 AM,11:13 PM
291,3,El angel Restaurante,Universidad 169,78740,San Luis Potosi,SLP,Mexico,6,40,5:18 AM,7:07 PM
292,2,El angel Restaurante,Lateral Salvador Nava Martinez 3145,78430,San Luis Potosi,SLP,mexico,20,95,3:35 AM,9:33 PM
293,5,El angel Restaurante,Himno Nacional 2104 Tangamanga,78280,San Luis Potosi,SLP,Mexico,16,79,9:15 AM,11:50 PM
294,1,El angel Restaurante,Himno nacional esq. Blvd. Juarez,78290,San Luis Potosi,SLP,Mexico,9,60,2:36 AM,7:50 PM
295,5,El angel Restaurante,tampico,78433,San Luis Potosi,SLP,mexico,18,80,7:39 AM,11:35 PM
296,2,El angel Restaurante,Jesus Goytortua 390 Tangamanga,78396,San Luis Potosi,SLP,Mexico,12,68,8:08 AM,8:16 PM
297,5,Restaurante Guerra,20 de Noviembre 1817 Tlaxcala,78038,San Luis Potosi,SLP,Mexico,12,34,11:47 AM,2:04 PM
298,5,Restaurante Bar El Gallinero,Costado Sur Central Camionera Km 2,78280,San Luis Potosi,SLP,mexico,6,21,9:52 AM,4:56 PM
299,1,Restaurante Bar El Gallinero,Villa de Pozos 192 Villa de Pozos,78038,San Luis Potosi,SLP,Mexico,16,62,6:41 AM,3:35 PM
300,5,Restaurante Bar El Gallinero,Pascual M. Hernandez 210 Centro,78269,San Luis Potosi,SLP,Mexico,15,43,8:34 AM,6:11 PM
301,2,Restaurante Bar El Gallinero,Cordillera de Los Alpes 675 Loma Verde,62290,San Luis Potosi,SLP,mexico,7,26,6:40 AM,6:10 PM
302,2,Restaurante Bar El Gallinero,Pascual M. Hernandez 210 Centro,78280,San Luis Potosi,SLP,Mexico,5,47,8:12 AM,4:12 PM
303,5,Restaurante Bar El Gallinero,Pascual M. Hernandez 210 Centro,78430,San Luis Potosi,SLP,Mexico,12,21,3:05 AM,7:27 PM
304,3,Restaurante Bar El Gallinero,Pascual M. Hernandez 210 Centro,78270,San Luis Potosi,SLP,mexico,10,81,5:14 AM,8:23 PM
305,3,Restaurante Bar El Gallinero,Pascual M. Hernandez 210 Centro,78214,San Luis Potosi,SLP,Mexico,8,70,9:17 AM,1:23 PM
306,2,Restaurante Bar El Gallinero,cd. mier,87018,San Luis Potosi,SLP,Mexico,9,44,11:45 AM,11:55 PM
307,5,Restaurante Bar El Gallinero,Zaragoza entre Francisco Zarco y Lopez Velarde,78210,San Luis Potosi,SLP,Mexico,13,52,4:49 AM,1:16 PM
308,4,Restaurante Bar El Gallinero,Villa de Pozos 4497 Villa de Pozos,78200,San Luis Potosi,SLP,Mexico,6,97,1:02 AM,5:08 PM
309,1,Restaurante Bar El Gallinero,Pascual M. Hernandez 210 Centro,78421,San Luis Potosi,SLP,Mexico,15,86,9:55 AM,9:16 PM
310,1,Restaurante Bar El Gallinero,Pascual M. Hernandez 210 Centro,78399,San Luis Potosi,SLP,Mexico,6,58,9:57 AM,7:45 PM
311,2,Restaurante Bar El Gallinero,Venustiano Carranza 560 Centro,74000,San Luis Potosi,SLP,Mexico,18,50,10:04 AM,5:09 PM
312,2,Restaurante Bar El Gallinero,Constitucion 200 Centro,62170,San Luis Potosi,SLP,Mexico,12,38,2:51 AM,9:35 PM
313,1,Restaurante Bar El Gallinero,Cordillera de Los Alpes 160 Lomas 2 Seccion,62250,San Luis Potosi,SLP,Mexico,14,31,10:49 AM,10:07 PM
314,1,Restaurante Bar El Gallinero,Venustiano Carranza 719 Centro,78000,San Luis Potosi,SLP,Mexico,13,39,10:46 AM,8:08 PM
315,3,Restaurante Bar El Gallinero,circuito oriente esq. carretera 57,62000,San Luis Potosi,SLP,Mexico,17,61,10:45 AM,11:41 PM
316,1,Restaurante la Parroquia Potosina,Venustiano Carranza 303 Centro,78349,San Luis Potosi,SLP,Mexico,10,27,10:01 AM,9:03 PM
317,3,Restaurante la Parroquia Potosina,Venustiano Carranza 303 Centro,78399,San Luis Potosi,SLP,Mexico,15,78,7:14 AM,9:49 PM
318,2,Restaurante la Parroquia Potosina,Venustiano Carranza 303 Centro,78396,San Luis Potosi,SLP,Mexico,13,36,4:16 AM,11:18 PM
319,4,Restaurante la Parroquia Potosina,Venustiano Carranza 303 Centro,78395,San Luis Potosi,SLP,Mexico,13,59,3:42 AM,7:37 PM
320,2,Restaurante la Parroquia Potosina,Venustiano Carranza 303 Centro,78421,San Luis Potosi,SLP,Mexico,20,76,11:22 AM,4:26 PM
321,2,Restaurante la Parroquia Potosina,Venustiano Carranza 303 Centro,78310,San Luis Potosi,SLP,Mexico,20,36,11:47 AM,11:28 PM
322,4,Restaurante la Parroquia Potosina,Venustiano Carranza 303 Centro,78390,San Luis Potosi,SLP,Mexico,5,95,4:43 AM,7:24 PM
323,3,Restaurante la Parroquia Potosina,Venustiano Carranza 303 Centro,78280,San Luis Potosi,SLP,Mexico,11,36,10:27 AM,7:59 PM
324,5,Restaurante la Parroquia Potosina,Venustiano Carranza 303 Centro,78290,San Luis Potosi,SLP,Mexico,16,44,11:19 AM,11:54 PM
325,3,Restaurante Pueblo Bonito,Mexico 2015 Providencia,78395,San Luis Potosi,SLP,Mexico,18,40,2:52 AM,2:55 PM
326,5,Koye Sushi,Nereo Rodriguez Barragan 450 E Centro,78000,San Luis Potosi,SLP,Mexico,6,41,11:01 AM,1:19 PM
327,4,los Toneles,Cordillera de Los Alpes 675 Loma Verde,62250,San Luis Potosi,SLP,Mexico,20,35,9:16 AM,10:07 PM
328,3,los Toneles,Cordillera de Los Alpes 160 Lomas 2 Seccion,62170,San Luis Potosi,SLP,Mexico,15,82,8:15 AM,8:19 PM
329,4,los Toneles,Ignacio Allende 785 Centro,78349,San Luis Potosi,SLP,Mexico,11,83,2:57 AM,8:30 PM
330,4,los Toneles,De La Estrella 2005 Estrella de Oriente,62790,San Luis Potosi,SLP,Mexico,13,86,9:12 AM,9:17 PM
331,4,los Toneles,General Mariano Arista 1205 Barrio de Tequisquiap,78250,San Luis Potosi,SLP,Mexico,13,67,1:51 AM,10:13 PM
332,2,los Toneles,Libramiento Burgos Colonia Las Animas,78433,San Luis Potosi,SLP,Mexico,10,36,4:25 AM,2:20 PM
333,1,los Toneles,Costado Sur Central Camionera Km 2,62290,San Luis Potosi,SLP,Mexico,7,95,4:28 AM,6:13 PM
334,4,los Toneles,Guajardo Sn San Luis Potosi Centro,78269,San Luis Potosi,SLP,Mexico,10,42,9:23 AM,11:33 PM
335,2,los Toneles,Interior Internado Palmira SN,78395,San Luis Potosi,SLP,Mexico,20,21,2:13 AM,2:51 PM
336,5,los Toneles,Julian de Los Reyes 400 Centro,78399,San Luis Potosi,SLP,Mexico,20,84,9:52 AM,11:23 PM
337,2,los Toneles,Himno Nacional 100 Avenida,78270,San Luis Potosi,SLP,Mexico,18,95,9:39 AM,10:16 PM
338,2,los Toneles,La Pradera,78421,San Luis Potosi,SLP,Mexico,5,38,5:12 AM,6:41 PM
339,2,La Posada del Virrey,Venustiano Carranza 1625 Jardin,62320,victoria,San Luis Potosi,Mexico,19,21,4:14 AM,5:54 PM
340,4,La Posada del Virrey,Universidad 169,62250,slp,San Luis Potosi,Mexico,19,68,4:43 AM,1:43 PM
341,3,La Posada del Virrey,Venustiano Carranza 303 Centro,64000,San Luis Potosi,San Luis Potosi,Mexico,14,56,9:25 AM,1:14 PM
342,2,La Posada del Virrey,Venustiano Carranza 1809 C Polanco,62460,victoria ,San Luis Potosi,Mexico,5,69,10:05 AM,8:25 PM
343,5,La Posada del Virrey,sevilla y olmedo 715 a,79300,s.l.p.,San Luis Potosi,Mexico,18,42,11:20 AM,2:52 PM
344,3,La Posada del Virrey,tampico,62000,San Luis Potosi,San Luis Potosi,Mexico,13,57,6:26 AM,10:08 PM
345,5,La Posada del Virrey,Rio Papaloapan 265 Lomas de San Luis (3),78430,Cuernavaca,San Luis Potosi,Mexico,9,96,11:17 AM,3:57 PM
346,3,La Posada del Virrey,Satelite 606 Satelite,78740,s.l.p,San Luis Potosi,Mexico,11,51,6:09 AM,4:30 PM
347,5,La Posada del Virrey,Rio Mayo 17 Vista Hermosa,78399,Cd. Victoria,Morelos,Mexico,6,35,9:13 AM,6:54 PM
348,4,La Posada del Virrey,Rio Mayo Colonia Vista Hermosa Esq. Rio Balsas,78421,Ciudad Victoria,S.L.P.,Mexico,13,27,7:34 AM,1:34 PM
349,1,La Posada del Virrey,venustiano carranza,62290,Soledad,San Luis Potosi,Mexico,12,100,11:44 AM,9:22 PM
350,3,La Posada del Virrey,Soledad Sn Arboledas de Soledad,87018,san luis potos,San Luis Potosi,Mexico,14,25,8:55 AM,8:16 PM
351,2,La Posada del Virrey,Venustiano Carranza 2175 Jardin,62790,San Luis Potosi,San Luis Potosi,Mexico,12,98,10:53 AM,6:29 PM
352,1,La Posada del Virrey,Tangamanga 7 Tangamanga,62170,san luis potosi ,San Luis Potosi,Mexico,7,63,2:19 AM,3:54 PM
353,1,La Posada del Virrey,Santos Degollado 745 los Alamitos,78433,Jiutepec,San Luis Potosi,Mexico,20,92,8:32 AM,4:47 PM
354,1,Chaires,Av. V. Carranza,62320,San Luis Potosi,Tamaulipas,Mexico,8,74,8:24 AM,5:22 PM
355,5,Chaires,Av. Carranza 830,78421,Soledad,Morelos,Mexico,17,95,2:34 AM,3:45 PM
356,2,Chaires,Av. Coral,62000,victoria,S.L.P.,Mexico,19,89,3:30 AM,5:00 PM
357,5,Chaires,Av. Saan Luis enttre moctezuma y salinas,62250,San Luis Potosi,San Luis Potosi,Mexico,20,92,6:45 AM,9:40 PM
358,1,Chaires,Av. de los Pintores,62170,victoria ,san luis potos,Mexico,8,89,6:54 AM,11:18 PM
359,4,Chaires,av. seminario,62290,San Luis Potosi,SLP,Mexico,10,44,6:06 AM,8:54 PM
360,5,carnitas_mata,Pascual M. Hernandez 210 Centro,87018,victoria,Tamaulipas,Mexico,10,84,3:01 AM,3:20 PM
361,3,carnitas_mata,lic. Emilio portes gil,78740,victoria,Tamaulipas,Mexico,16,72,1:52 AM,8:53 PM
362,2,carnitas_mata,lic. Emilio portes gil,62000,victoria,Tamaulipas,Mexico,20,66,11:10 AM,2:15 PM
363,3,Dominos Pizza,Julian de Los Reyes 400 Centro,62790,San Luis Potosi,San Luis Potosi,Mexico,18,70,5:54 AM,9:34 PM
364,2,Dominos Pizza,La Pradera,64000,San Luis Potosi,San Luis Potosi,Mexico,14,68,4:00 AM,11:28 PM
365,4,Dominos Pizza,Jesus Goytortua 390 Tangamanga,87018,San Luis Potosi,San Luis Potosi,Mexico,5,29,8:16 AM,5:00 PM
366,5,Pizzeria Julios,De Guadalupe 460 San Miguelito,64000,s.l.p,mexico,Mexico,12,60,7:40 AM,3:09 PM
367,5,Pizzeria Julios,20 de Noviembre 1817 Tlaxcala,62250,s.l.p,mexico,Mexico,15,96,3:52 AM,1:14 PM
368,4,Pizzeria Julios,524 Soledad de Graciano Sanchez,87018,Jiutepec,San Luis Potosi,Mexico,12,77,5:39 AM,5:38 PM
369,4,Pizzeria Julios,1a. de Lozada 1,62170,s.l.p,mexico,Mexico,10,67,3:18 AM,11:58 PM
370,2,Pizzeria Julios,De La Estrella 2005 Estrella de Oriente,74000,s.l.p,mexico,Mexico,19,98,7:33 AM,7:21 PM
371,1,Pizzeria Julios,40 Norte Civac 1RA. Seccion,79300,Cuernavaca,san luis potos,Mexico,14,81,2:42 AM,5:51 PM
372,4,la perica hamburguesa,avenida salvador montiel ,78280,Jiutepec,tamaulipas,Mexico,13,93,5:53 AM,5:40 PM
373,3,la perica hamburguesa,calle emilio portes gil,78290,s.l.p,tamaulipas,Mexico,12,100,4:15 AM,11:53 PM
374,5,la perica hamburguesa,Camino a Simon Diaz 155 Centro,78349,san luis potos,tamaulipas,Mexico,14,28,10:31 AM,10:27 PM
375,5,la perica hamburguesa,cd. mier,78740,san luis potosi ,tamaulipas,Mexico,9,88,6:32 AM,9:39 PM
376,2,la perica hamburguesa,Calle Mezquite Fracc Framboyanes,78310,s.l.p.,tamaulipas,Mexico,14,79,10:45 AM,10:35 PM
377,4,la perica hamburguesa,carr. mexico,78433,San Luis Potosi,tamaulipas,Mexico,9,75,7:08 AM,9:22 PM
378,1,cafe punta del cielo,36 Sur Civac,78038,Ciudad Victoria,S.L.P.,Mexico,16,79,10:30 AM,6:58 PM
379,3,cafe punta del cielo,20 de Noviembre 1817 Tlaxcala,78000,Cd. Victoria,Morelos,Mexico,6,88,1:39 AM,10:55 PM
380,5,cafe punta del cielo,1a. de Lozada 1,74000,Cd Victoria,mexico,Mexico,12,30,5:21 AM,11:14 PM
381,2,el pueblito,Emiliano Zapata Col. Tres de Mayo,78038,Cd. Victoria,Morelos,Mexico,16,52,7:56 AM,5:23 PM
382,5,el pueblito,Emiliano Zapata No. 825 Tlaltenongo,78200,Ciudad Victoria,S.L.P.,Mexico,20,88,8:44 AM,3:01 PM
383,5,el pueblito,Domingo 10 711 El Empleado,78000,Cd Victoria,mexico,Mexico,6,52,4:50 AM,3:51 PM
384,1,Chilis Cuernavaca,Rio Mayo Colonia Vista Hermosa Esq. Rio Balsas,62290,Cuernavaca,Morelos,Mexico,14,86,9:29 AM,10:56 PM
385,2,Sanborns Casa Piedra,Lomas del Mirador,62170,Cuernavaca,Morelos,Mexico,13,22,11:45 AM,1:27 PM
386,3,Sanborns Casa Piedra,Lomas del Mirador,62000,Cuernavaca,Morelos,Mexico,20,89,8:54 AM,11:44 PM
387,4,Sanborns Casa Piedra,Lomas del Mirador,62250,Cuernavaca,Morelos,Mexico,8,55,4:54 AM,5:28 PM
388,3,Restaurant los Pinos,Santos Degollado 745 los Alamitos,78250,Cuernavaca,Morelos,mexico,11,37,3:45 AM,2:03 PM
389,3,Restaurant los Pinos,Rio Papaloapan 265 Lomas de San Luis (3),78240,Cuernavaca,Morelos,mexico,17,59,1:07 AM,2:09 PM
390,4,Restaurant los Pinos,Satelite 606 Satelite,78269,Cuernavaca,Morelos,Mexico,10,35,6:56 AM,5:53 PM
391,2,Vips,Emiliano Zapata No. 825 Tlaltenongo,62170,Cuernavaca,Morelos,Mexico,10,40,5:57 AM,4:51 PM
392,4,Vips,Emiliano Zapata No. 825 Tlaltenongo,79300,Cuernavaca,Morelos,Mexico,20,70,5:16 AM,2:58 PM
393,2,Vips,Emiliano Zapata No. 825 Tlaltenongo,78433,Cuernavaca,Morelos,Mexico,12,89,2:33 AM,9:34 PM
394,2,Vips,Emiliano Zapata No. 825 Tlaltenongo,78430,Cuernavaca,Morelos,mexico,17,37,2:26 AM,5:59 PM
395,5,Vips,Emiliano Zapata No. 825 Tlaltenongo,78740,Cuernavaca,Morelos,mexico,7,72,3:41 AM,3:05 PM
396,5,Vips,Emiliano Zapata No. 825 Tlaltenongo,87018,Cuernavaca,Morelos,Mexico,12,97,9:26 AM,2:53 PM
397,1,la parroquia,De Guadalupe 460 San Miguelito,78290,san luis potosi,san luis potosi,Mexico,9,60,3:44 AM,6:25 PM
398,2,la parroquia,De La Estrella 2005 Estrella de Oriente,78310,san luis potosi,san luis potosi,Mexico,20,43,6:58 AM,5:28 PM
399,4,la parroquia,Rayon sn col. Centro,78038,san luis potosi,san luis potosi,Mexico,11,71,8:03 AM,10:51 PM
400,5,la parroquia,Emiliano Zapata Col. Tres de Mayo,78433,san luis potosi,san luis potosi,mexico,13,31,10:02 AM,10:22 PM
401,5,la parroquia,Paseo de las Fuentes,64000,san luis potosi,san luis potosi,mexico,19,67,6:12 AM,9:06 PM
402,4,la parroquia,Domingo 10 711 El Empleado,78349,san luis potosi,san luis potosi,Mexico,12,92,9:10 AM,11:21 PM
403,2,la parroquia,Pascual M. Hernandez 240,62790,san luis potosi,san luis potosi,Mexico,18,55,11:47 AM,1:16 PM
404,5,la parroquia,Ricardo B. Anaya,78200,san luis potosi,san luis potosi,Mexico,20,31,2:08 AM,6:38 PM
405,3,la parroquia,Rio Mayo 17 Vista Hermosa,78214,san luis potosi,san luis potosi,Mexico,18,97,11:25 AM,8:20 PM
406,1,la parroquia,Plaza del Carmen,74000,san luis potosi,san luis potosi,mexico,18,88,2:17 AM,5:56 PM
407,3,la parroquia,r.b. anaya esq. florencia,78000,san luis potosi,san luis potosi,mexico,5,52,5:30 AM,4:35 PM
408,1,la parroquia,Ricardo B. Anaya 2700 Estrella de Oriente,78210,san luis potosi,san luis potosi,Mexico,17,95,1:31 AM,3:05 PM
409,2,Gorditas Dona Tota,Industrias 908 Valle Dorado,78396,Cd. Victoria,SLP,Mexico,6,48,7:13 AM,2:04 PM
410,4,Gorditas Dona Tota,Ignacio Allende 785 Centro,78395,Cd. Victoria,S.L.P.,Mexico,6,62,3:17 AM,6:33 PM
411,4,Gorditas Dona Tota,Jesus Goytortua 390 Tangamanga,78421,Cd. Victoria,mexico,Mexico,18,26,10:37 AM,1:25 PM
412,2,Gorditas Dona Tota,Ignacio Aldama 300 Centro,78390,Cd. Victoria,Morelos,mexico,13,88,2:26 AM,2:34 PM
413,2,Gorditas Dona Tota,Interior Internado Palmira SN,78399,Cd. Victoria,Tamaulipas,mexico,15,89,5:48 AM,4:36 PM
414,2,Gorditas Dona Tota,Himno nacional esq. Blvd. Juarez,78349,victoria ,mexico,Mexico,12,64,6:17 AM,7:09 PM
415,1,Los Vikingos,Emiliano Zapata No. 825 Tlaltenongo,62290,Jiutepec,Morelos,Mexico,20,79,3:10 AM,8:47 PM
416,4,Los Vikingos,esquina santos degollado y leon guzman,62320,Jiutepec,Morelos,Mexico,13,90,2:53 AM,2:40 PM
417,4,Los Vikingos,Estatuto Juridico 1040 Burocratas,62460,Jiutepec,Morelos,Mexico,17,21,3:34 AM,3:19 PM
418,4,Arrachela Grill,General Mariano Arista 1205 Barrio de Tequisquiap,78290,Cuernavaca,Morelos,Mexico,12,34,6:06 AM,6:42 PM
419,5,Arrachela Grill,Francisco I. Madero 215,62790,Cuernavaca,Morelos,Mexico,5,46,4:32 AM,11:34 PM
420,3,Arrachela Grill,frente al tecnologico,78280,Cuernavaca,Morelos,Mexico,10,83,7:52 AM,1:19 PM
421,1,El Oceano Dorado,Julian de Los Reyes 400 Centro,78000,Cuernavaca,Morelos,Mexico,7,64,7:45 AM,5:49 PM
422,2,El Oceano Dorado,Interior Internado Palmira SN,64000,Cuernavaca,Morelos,Mexico,6,99,4:05 AM,8:50 PM
423,4,El Oceano Dorado,Jesus Goytortua 390 Tangamanga,74000,Cuernavaca,Morelos,Mexico,12,97,11:51 AM,8:06 PM
424,4,El Oceano Dorado,Himno Nacional 2104 Tangamanga,78433,Cuernavaca,Morelos,Mexico,12,37,1:20 AM,7:12 PM
425,5,El Oceano Dorado,Himno nacional esq. Blvd. Juarez,78740,Cuernavaca,Morelos,Mexico,11,67,6:13 AM,1:03 PM
426,3,El Oceano Dorado,Ignacio Allende 785 Centro,62790,Cuernavaca,Morelos,Mexico,18,54,11:26 AM,7:13 PM
427,1,El Oceano Dorado,Himno Nacional 100 Avenida,78349,Cuernavaca,Morelos,Mexico,19,27,3:57 AM,2:29 PM
428,4,El Oceano Dorado,Industrias 908 Valle Dorado,62790,Cuernavaca,Morelos,Mexico,13,60,10:58 AM,10:46 PM
429,5,El Oceano Dorado,Guajardo Sn San Luis Potosi Centro,78310,Cuernavaca,Morelos,Mexico,7,80,8:55 AM,2:08 PM
430,2,El Oceano Dorado,Lateral Salvador Nava Martinez 3145,78200,Cuernavaca,Morelos,Mexico,13,32,11:38 AM,4:00 PM
431,3,El Oceano Dorado,La Pradera,78038,Cuernavaca,Morelos,Mexico,5,50,1:20 AM,8:52 PM
432,1,El Oceano Dorado,Ignacio Aldama 300 Centro,79300,Cuernavaca,Morelos,Mexico,15,68,7:52 AM,3:42 PM
433,1,tortas hawai,1a. de Lozada 1,78433,Cd Victoria,mexico,Mexico,18,55,11:21 AM,1:40 PM
434,4,tortas hawai,36 Sur Civac,78740,Ciudad Victoria,S.L.P.,Mexico,17,38,1:28 AM,5:31 PM
435,4,tortas hawai,20 de Noviembre 1817 Tlaxcala,62000,Cd. Victoria,Morelos,Mexico,8,80,1:02 AM,5:59 PM
436,5,El Rincon de San Francisco,Av. V. Carranza,78399,San Luis Potosi,SLP,Mexico,17,95,9:34 AM,2:27 PM
437,4,El Rincon de San Francisco,Av. de los Pintores,78269,San Luis Potosi,SLP,Mexico,17,57,5:17 AM,11:43 PM
438,3,El Rincon de San Francisco,Mexico 2015 Providencia,87018,San Luis Potosi,SLP,Mexico,19,38,7:45 AM,7:14 PM
439,5,El Rincon de San Francisco,avenida salvador montiel ,78399,San Luis Potosi,SLP,Mexico,18,45,8:49 AM,2:28 PM
440,5,El Rincon de San Francisco,Lomas del Mirador,79300,San Luis Potosi,SLP,Mexico,19,49,2:26 AM,3:25 PM
441,4,El Rincon de San Francisco,Av. Saan Luis enttre moctezuma y salinas,78270,San Luis Potosi,SLP,Mexico,17,39,5:11 AM,2:49 PM
442,4,El Rincon de San Francisco,lic. Emilio portes gil,78740,San Luis Potosi,SLP,Mexico,11,91,8:34 AM,6:58 PM
443,1,El Rincon de San Francisco,av. seminario,78280,San Luis Potosi,SLP,Mexico,15,75,1:56 AM,9:07 PM
444,5,El Rincon de San Francisco,calle emilio portes gil,78421,San Luis Potosi,SLP,Mexico,6,45,3:48 AM,8:12 PM
445,2,El Rincon de San Francisco,Camino a Simon Diaz 155 Centro,78433,San Luis Potosi,SLP,Mexico,6,53,4:44 AM,8:49 PM
446,4,El Rincon de San Francisco,Calle Mezquite Fracc Framboyanes,78430,San Luis Potosi,SLP,Mexico,17,86,1:04 AM,10:33 PM
447,5,El Rincon de San Francisco,Mexico 810 Centro,62000,San Luis Potosi,SLP,Mexico,15,35,10:13 AM,8:41 PM
448,2,Gordas de morales,Nereo Rodriguez Barragan 450 E Centro,78220,Soledad,mexico,Mexico,15,42,2:32 AM,9:06 PM
449,1,Gordas de morales,NICOLAS ZAPATA 300,78240,victoria,mexico,Mexico,11,69,11:48 AM,11:34 PM
450,5,Gordas de morales,1a. de Lozada 1,79300,Cd Victoria,San Luis Potosi,Mexico,5,72,7:34 AM,9:33 PM
451,3,Gordas de morales,20 de Noviembre 1817 Tlaxcala,87018,Cd. Victoria,San Luis Potosi,Mexico,6,36,6:41 AM,8:30 PM
452,3,Gordas de morales,Munoz Sn Centro,78214,slp,Morelos,Mexico,10,44,11:20 AM,8:16 PM
453,2,Gordas de morales,Miguel Barragan 46 Centro,78210,san luis potosi ,mexico,Mexico,5,70,10:41 AM,7:38 PM
454,4,Restaurant Orizatlan,Anahuac 805,62000,san luis potosi ,mexico,Mexico,15,45,2:56 AM,9:21 PM
455,5,Restaurant Orizatlan,Mexico 810 Centro,78421,Soledad,Morelos,Mexico,7,62,8:58 AM,7:02 PM
456,3,Restaurant Orizatlan,Estatuto Juridico 1040 Burocratas,62790,San Luis Potosi,SLP,Mexico,9,35,7:48 AM,3:12 PM
457,3,Restaurant Orizatlan,Federal Mexico - Acapulco 10 3 de Mayo,62790,San Luis Potosi,SLP,Mexico,18,96,2:40 AM,3:36 PM
458,1,Restaurant Orizatlan,Alhondiga 62 Centro,78433,San Luis Potosi,Tamaulipas,Mexico,17,86,1:05 AM,6:10 PM
459,1,Restaurant Orizatlan,Av. Carranza 830,79300,Soledad,Morelos,Mexico,8,33,10:13 AM,6:32 PM
460,5,Restaurant Orizatlan,esquina santos degollado y leon guzman,79300,San Luis Potosi,SLP,Mexico,17,35,11:53 AM,6:43 PM
461,3,Restaurant Orizatlan,Mexico 2015 Providencia,78399,slp,mexico,Mexico,8,34,8:30 AM,7:50 PM
462,4,Restaurant Orizatlan,Miguel Barragan 46 Centro,78430,victoria,S.L.P.,Mexico,11,38,8:05 AM,1:07 PM
463,1,Restaurant Orizatlan,Lomas del Mirador,78396,san luis potosi ,mexico,Mexico,9,56,1:57 AM,3:29 PM
464,2,Restaurant Orizatlan,Francisco I. Madero 145 Centro,64000,San Luis Potosi,SLP,Mexico,18,30,10:23 AM,7:02 PM
465,5,Restaurant Orizatlan,Angel Veral 328 Altamira,78740,slp,mexico,Mexico,19,38,5:28 AM,11:32 PM
466,3,La Virreina,Av. Carranza 830,78310,San Luis Potosi,SLP,Mexico,8,25,7:33 AM,1:00 PM
467,3,La Virreina,Av. Carranza 830,64000,San Luis Potosi,SLP,Mexico,14,55,8:41 AM,6:14 PM
468,3,La Virreina,Av. Carranza 830,62000,San Luis Potosi,SLP,Mexico,12,38,8:01 AM,5:00 PM
469,2,La Virreina,Av. Carranza 830,62790,San Luis Potosi,SLP,Mexico,11,68,2:06 AM,2:30 PM
470,2,La Virreina,Av. Carranza 830,62460,San Luis Potosi,SLP,Mexico,19,26,2:41 AM,3:33 PM
471,5,La Virreina,Av. Carranza 830,78349,San Luis Potosi,SLP,Mexico,6,93,5:48 AM,5:11 PM
472,3,La Virreina,Av. Carranza 830,78290,San Luis Potosi,SLP,Mexico,12,68,1:09 AM,6:52 PM
473,5,La Virreina,Av. Carranza 830,62250,San Luis Potosi,SLP,Mexico,11,26,6:31 AM,8:21 PM
474,1,La Virreina,Av. Carranza 830,62290,San Luis Potosi,SLP,Mexico,8,69,1:05 AM,1:41 PM
475,2,La Virreina,Av. Carranza 830,62170,San Luis Potosi,SLP,Mexico,8,68,10:41 AM,7:58 PM
476,3,La Virreina,Av. Carranza 830,62320,San Luis Potosi,SLP,Mexico,11,85,1:20 AM,10:14 PM
477,4,La Virreina,Av. Carranza 830,78280,San Luis Potosi,SLP,Mexico,16,90,11:12 AM,1:39 PM
478,3,Preambulo Wifi Zone Cafe,carr. mexico,79300,San Luis Potosi,SLP,Mexico,16,56,5:23 AM,6:50 PM
479,2,Preambulo Wifi Zone Cafe,Camino a Simon Diaz 155 Centro,78740,San Luis Potosi,SLP,Mexico,11,51,1:03 AM,3:30 PM
480,5,Preambulo Wifi Zone Cafe,avenida salvador montiel ,78430,San Luis Potosi,SLP,Mexico,9,33,11:17 AM,7:40 PM
481,3,Preambulo Wifi Zone Cafe,avenida hivno nacional,78421,San Luis Potosi,SLP,Mexico,12,27,10:12 AM,8:29 PM
482,1,Preambulo Wifi Zone Cafe,Calle Mezquite Fracc Framboyanes,62000,San Luis Potosi,SLP,Mexico,16,66,11:34 AM,8:38 PM
483,1,Preambulo Wifi Zone Cafe,calle emilio portes gil,78433,San Luis Potosi,SLP,Mexico,6,53,1:23 AM,4:44 PM
484,4,Cafeteria y Restaurant El Pacifico,Villa de Pozos 4497 Villa de Pozos,79300,San Luis Potosi,SLP,Mexico,17,67,6:21 AM,9:35 PM
485,2,Cafeteria y Restaurant El Pacifico,Tangamanga 7 Tangamanga,78310,San Luis Potosi,SLP,Mexico,8,36,8:56 AM,2:46 PM
486,1,Cafeteria y Restaurant El Pacifico,Constitucion 200 Centro,62790,San Luis Potosi,SLP,Mexico,10,37,5:40 AM,3:40 PM
487,2,Cafeteria y Restaurant El Pacifico,Venustiano Carranza 303 Centro,78421,San Luis Potosi,SLP,Mexico,17,80,7:35 AM,10:32 PM
488,3,Cafeteria y Restaurant El Pacifico,Constitucion 200 Centro,64000,San Luis Potosi,SLP,Mexico,18,53,9:51 AM,7:13 PM
489,2,Cafeteria y Restaurant El Pacifico,Venustiano Carranza 719 Centro,78433,San Luis Potosi,SLP,Mexico,17,54,10:51 AM,6:31 PM
490,1,Cafeteria y Restaurant El Pacifico,Venustiano Carranza 1625 Jardin,78395,San Luis Potosi,SLP,Mexico,19,60,9:58 AM,5:11 PM
491,5,Cafeteria y Restaurant El Pacifico,sevilla y olmedo 715 a,78270,San Luis Potosi,SLP,Mexico,19,63,4:05 AM,11:32 PM
492,3,Cafeteria y Restaurant El Pacifico,Venustiano Carranza 2175 Jardin,78399,San Luis Potosi,SLP,Mexico,17,71,6:46 AM,6:40 PM
493,2,Cafeteria y Restaurant El Pacifico,Constitucion 200 Centro,78214,San Luis Potosi,SLP,Mexico,13,52,11:16 AM,10:34 PM
494,1,Cafeteria y Restaurant El Pacifico,Villa de Pozos 192 Villa de Pozos,78740,San Luis Potosi,SLP,Mexico,18,22,8:02 AM,4:01 PM
495,5,Cafeteria y Restaurant El Pacifico,Venustiano Carranza 560 Centro,78430,San Luis Potosi,SLP,Mexico,11,82,8:59 AM,8:03 PM
496,1,Cafeteria y Restaurant El Pacifico,Venustiano Carranza 1809 C Polanco,78396,San Luis Potosi,SLP,Mexico,8,34,5:18 AM,8:25 PM
497,2,Cafeteria y Restaurant El Pacifico,tampico,78290,San Luis Potosi,SLP,Mexico,8,71,2:48 AM,6:08 PM
498,4,Cafeteria y Restaurant El Pacifico,Zaragoza entre Francisco Zarco y Lopez Velarde,87018,San Luis Potosi,SLP,Mexico,15,96,8:02 AM,2:08 PM
499,1,Cafeteria y Restaurant El Pacifico,Universidad 169,78349,San Luis Potosi,SLP,Mexico,11,31,3:55 AM,11:08 PM
500,2,Cafeteria y Restaurant El Pacifico,venustiano carranza,78390,San Luis Potosi,SLP,Mexico,8,85,2:53 AM,2:32 PM
