userID,latitude,longitude,smoker,drink_level,dress_preference,ambience,transport,marital_status,birth_year,interest,personality,religion,activity,color,weight,budget,height,Rcuisine,Upayment
U1055,22.143289,-100.987683,FALSE,abstemious,no preference,family,car owner,married,dependent,none,hard-worker,Catholic,professional,blue,70,medium,1.66,Breakfast-Brunch,cash
U1042,18.925773,-99.219589,FALSE,abstemious,no preference,family,car owner,single,independent,technology,thrifty-protector,Christian,student,yellow,40,high,1.4,Mexican,bank_debit_cards
U1002,22.150087,-100.983325,FALSE,abstemious,informal,family,public,single,independent,technology,hunter-ostentatious,Catholic,student,red,40,low,1.87,Mexican,cash
U1032,22.169184,-100.986843,FALSE,abstemious,formal,family,public,single,independent,variety,hard-worker,Catholic,student,blue,40,medium,1.75,Mexican,cash
U1110,18.871678,-99.183263,FALSE,abstemious,no preference,family,car owner,single,independent,variety,thrifty-protector,Catholic,student,red,85,medium,1.75,Mexican,cash
U1013,22.174624,-100.993873,FALSE,abstemious,no preference,friends,public,widow,independent,retro,thrifty-protector,none,professional,blue,80,medium,1.75,Japanese,cash
U1013,22.174624,-100.993873,FALSE,abstemious,no preference,friends,public,widow,independent,retro,thrifty-protector,none,professional,blue,80,medium,1.75,Japanese,MasterCard-Eurocard
U1123,23.753112,-99.168567,FALSE,abstemious,informal,family,?,single,independent,technology,hard-worker,Catholic,student,green,110,medium,1.75,Mexican,cash
U1092,22.125365,-100.947888,FALSE,abstemious,formal,solitary,public,single,dependent,variety,thrifty-protector,Catholic,?,red,70,medium,1.69,Game,cash
U1059,18.988278,-99.097023,FALSE,abstemious,formal,friends,on foot,single,independent,technology,thrifty-protector,Catholic,student,blue,57,medium,1.69,Mexican,cash
U1005,22.183477,-100.959891,FALSE,abstemious,no preference,family,public,single,independent,none,thrifty-protector,Catholic,student,black,65,medium,1.69,American,cash
U1014,23.751607,-99.170108,FALSE,abstemious,?,friends,public,single,independent,none,hard-worker,Catholic,student,blue,53,medium,1.69,Japanese,cash
U1014,23.751607,-99.170108,FALSE,abstemious,?,friends,public,single,independent,none,hard-worker,Catholic,student,blue,53,medium,1.69,Fast_Food,cash
U1082,23.753061,-99.166095,TRUE,abstemious,informal,friends,public,single,?,variety,hard-worker,Catholic,student,black,63,medium,1.69,Mexican,cash
U1028,23.752874,-99.169242,FALSE,abstemious,no preference,family,public,single,independent,variety,hard-worker,Christian,student,blue,77,medium,1.63,Mexican,cash
U1047,22.142429,-100.949147,FALSE,abstemious,no preference,family,public,single,independent,retro,thrifty-protector,Catholic,student,purple,60,medium,1.63,American,cash
U1133,18.886698,-99.114979,FALSE,abstemious,no preference,family,car owner,single,independent,none,hard-worker,none,student,orange,60,medium,1.57,Mexican,cash
U1133,18.886698,-99.114979,FALSE,abstemious,no preference,family,car owner,single,independent,none,hard-worker,none,student,orange,60,medium,1.57,Mexican,bank_debit_cards
U1120,22.121857,-100.904279,FALSE,abstemious,informal,friends,public,single,independent,variety,hard-worker,none,student,green,47,low,1.57,Mexican,cash
U1127,18.943935,-99.206532,FALSE,abstemious,no preference,solitary,public,single,independent,variety,hard-worker,Catholic,student,black,65,low,1.76,Mexican,cash
U1096,22.1455,-100.939593,FALSE,abstemious,formal,family,public,single,independent,eco-friendly,hard-worker,Catholic,student,black,40,medium,1.2,Mexican,cash
U1024,22.154021,-100.976028,?,abstemious,?,?,?,?,?,none,hard-worker,none,?,yellow,40,?,1.2,Afghan,
U1130,23.733,-99.133,?,abstemious,?,?,?,?,?,none,hard-worker,none,?,yellow,40,?,1.2,Mexican,
U1122,22.169601,-100.991821,?,abstemious,?,?,?,?,?,none,hard-worker,none,?,yellow,40,?,1.2,Afghan,
U1066,18.890695,-99.157104,FALSE,abstemious,informal,solitary,public,single,?,technology,thrifty-protector,Catholic,student,green,45,low,1.45,Mexican,cash
U1066,18.890695,-99.157104,FALSE,abstemious,informal,solitary,public,single,?,technology,thrifty-protector,Catholic,student,green,45,low,1.45,Mexican,bank_debit_cards
U1085,22.196787,-100.936335,FALSE,abstemious,no preference,solitary,car owner,single,independent,technology,thrifty-protector,Catholic,student,black,84,?,1.7,Mexican,cash
U1043,23.77103,-99.167082,FALSE,abstemious,no preference,solitary,public,single,independent,technology,hard-worker,none,student,white,60,medium,1.64,Latin_American,cash
U1040,18.895187,-99.18039,FALSE,abstemious,no preference,friends,public,single,independent,none,thrifty-protector,Catholic,student,blue,73,medium,1.64,Pizzeria,cash
U1097,22.145471,-100.939588,FALSE,abstemious,formal,family,public,single,independent,variety,hard-worker,Catholic,student,black,58,medium,1.64,Mexican,cash
U1001,22.139997,-100.978803,FALSE,abstemious,informal,family,on foot,single,independent,variety,thrifty-protector,none,student,black,69,medium,1.77,American,cash
U1094,23.73944,-99.160548,FALSE,abstemious,informal,friends,public,single,independent,variety,thrifty-protector,Catholic,student,green,59,medium,1.71,Mexican,cash
U1095,22.179865,-101.018547,FALSE,abstemious,formal,family,public,married,independent,variety,thrifty-protector,Catholic,student,blue,65,medium,1.65,Italian,cash
U1103,23.752265,-99.16859,FALSE,abstemious,formal,friends,public,single,independent,technology,hard-worker,Jewish,professional,green,120,medium,1.9,Mexican,cash
U1103,23.752265,-99.16859,FALSE,abstemious,formal,friends,public,single,independent,technology,hard-worker,Jewish,professional,green,120,medium,1.9,Mexican,bank_debit_cards
U1004,18.867,-99.183,FALSE,abstemious,informal,family,public,single,independent,variety,hard-worker,none,professional,green,44,medium,1.53,Bagels,cash
U1004,18.867,-99.183,FALSE,abstemious,informal,family,public,single,independent,variety,hard-worker,none,professional,green,44,medium,1.53,Bagels,bank_debit_cards
U1004,18.867,-99.183,FALSE,abstemious,informal,family,public,single,independent,variety,hard-worker,none,professional,green,44,medium,1.53,Bakery,cash
U1004,18.867,-99.183,FALSE,abstemious,informal,family,public,single,independent,variety,hard-worker,none,professional,green,44,medium,1.53,Bakery,bank_debit_cards
U1004,18.867,-99.183,FALSE,abstemious,informal,family,public,single,independent,variety,hard-worker,none,professional,green,44,medium,1.53,Mexican,cash
U1004,18.867,-99.183,FALSE,abstemious,informal,family,public,single,independent,variety,hard-worker,none,professional,green,44,medium,1.53,Mexican,bank_debit_cards
U1004,18.867,-99.183,FALSE,abstemious,informal,family,public,single,independent,variety,hard-worker,none,professional,green,44,medium,1.53,Japanese,cash
U1004,18.867,-99.183,FALSE,abstemious,informal,family,public,single,independent,variety,hard-worker,none,professional,green,44,medium,1.53,Japanese,bank_debit_cards
U1004,18.867,-99.183,FALSE,abstemious,informal,family,public,single,independent,variety,hard-worker,none,professional,green,44,medium,1.53,Cafeteria,cash
U1004,18.867,-99.183,FALSE,abstemious,informal,family,public,single,independent,variety,hard-worker,none,professional,green,44,medium,1.53,Cafeteria,bank_debit_cards
U1004,18.867,-99.183,FALSE,abstemious,informal,family,public,single,independent,variety,hard-worker,none,professional,green,44,medium,1.53,Contemporary,cash
U1004,18.867,-99.183,FALSE,abstemious,informal,family,public,single,independent,variety,hard-worker,none,professional,green,44,medium,1.53,Contemporary,bank_debit_cards
U1004,18.867,-99.183,FALSE,abstemious,informal,family,public,single,independent,variety,hard-worker,none,professional,green,44,medium,1.53,Breakfast-Brunch,cash
U1004,18.867,-99.183,FALSE,abstemious,informal,family,public,single,independent,variety,hard-worker,none,professional,green,44,medium,1.53,Breakfast-Brunch,bank_debit_cards
U1004,18.867,-99.183,FALSE,abstemious,informal,family,public,single,independent,variety,hard-worker,none,professional,green,44,medium,1.53,Cafe-Coffee_Shop,cash
U1004,18.867,-99.183,FALSE,abstemious,informal,family,public,single,independent,variety,hard-worker,none,professional,green,44,medium,1.53,Cafe-Coffee_Shop,bank_debit_cards
U1004,18.867,-99.183,FALSE,abstemious,informal,family,public,single,independent,variety,hard-worker,none,professional,green,44,medium,1.53,Continental-European,cash
U1004,18.867,-99.183,FALSE,abstemious,informal,family,public,single,independent,variety,hard-worker,none,professional,green,44,medium,1.53,Continental-European,bank_debit_cards
U1058,22.205802,-100.986081,FALSE,abstemious,formal,family,public,single,independent,variety,hard-worker,Catholic,student,red,74,low,1.78,Cuban,cash
U1009,22.159427,-100.990448,FALSE,abstemious,formal,family,on foot,single,kids,variety,thrifty-protector,Catholic,student,green,75,medium,1.78,Diner,cash
U1009,22.159427,-100.990448,FALSE,abstemious,formal,family,on foot,single,kids,variety,thrifty-protector,Catholic,student,green,75,medium,1.78,Family,cash
U1009,22.159427,-100.990448,FALSE,abstemious,formal,family,on foot,single,kids,variety,thrifty-protector,Catholic,student,green,75,medium,1.78,Mexican,cash
U1009,22.159427,-100.990448,FALSE,abstemious,formal,family,on foot,single,kids,variety,thrifty-protector,Catholic,student,green,75,medium,1.78,Cafeteria,cash
U1009,22.159427,-100.990448,FALSE,abstemious,formal,family,on foot,single,kids,variety,thrifty-protector,Catholic,student,green,75,medium,1.78,Fast_Food,cash
U1009,22.159427,-100.990448,FALSE,abstemious,formal,family,on foot,single,kids,variety,thrifty-protector,Catholic,student,green,75,medium,1.78,Deli-Sandwiches,cash
U1009,22.159427,-100.990448,FALSE,abstemious,formal,family,on foot,single,kids,variety,thrifty-protector,Catholic,student,green,75,medium,1.78,Cafe-Coffee_Shop,cash
U1011,23.724972,-99.152856,FALSE,abstemious,no preference,family,public,single,independent,variety,hard-worker,Catholic,student,purple,68,medium,1.78,Mexican,cash
U1109,22.303308,-101.05468,FALSE,abstemious,formal,solitary,public,single,independent,eco-friendly,thrifty-protector,Catholic,student,blue,57,low,1.72,Mexican,cash
U1065,23.733665,-99.105617,FALSE,abstemious,formal,friends,public,single,independent,technology,conformist,Catholic,student,green,55,medium,1.72,Mexican,cash
U1031,23.735698,-99.159851,FALSE,abstemious,informal,solitary,?,married,kids,none,hard-worker,Catholic,unemployed,white,40,medium,1.6,Mexican,cash
U1031,23.735698,-99.159851,FALSE,abstemious,informal,solitary,?,married,kids,none,hard-worker,Catholic,unemployed,white,40,medium,1.6,Mexican,American_Express
U1117,18.875641,-99.220737,FALSE,abstemious,no preference,friends,public,single,independent,technology,thrifty-protector,Catholic,professional,blue,58,medium,1.6,Turkish,cash
U1117,18.875641,-99.220737,FALSE,abstemious,no preference,friends,public,single,independent,technology,thrifty-protector,Catholic,professional,blue,58,medium,1.6,Turkish,bank_debit_cards
U1083,22.13392,-101.028373,FALSE,abstemious,?,?,?,?,?,none,hard-worker,none,?,yellow,40,?,1.6,Mexican,cash
U1073,22.15,-100.983,FALSE,abstemious,informal,solitary,car owner,widow,kids,none,hard-worker,none,unemployed,yellow,118,medium,1.79,American,cash
U1107,23.742409,-99.171889,FALSE,abstemious,no preference,friends,car owner,single,independent,variety,hard-worker,Catholic,?,blue,87,high,1.79,Mexican,cash
U1107,23.742409,-99.171889,FALSE,abstemious,no preference,friends,car owner,single,independent,variety,hard-worker,Catholic,?,blue,87,high,1.79,Mexican,bank_debit_cards
U1071,22.154339,-100.975342,FALSE,abstemious,formal,friends,car owner,single,independent,none,hunter-ostentatious,none,student,blue,40,high,1.73,Mexican,cash
U1067,23.752269,-99.168605,FALSE,abstemious,no preference,family,public,single,independent,technology,thrifty-protector,Christian,student,green,92,medium,1.73,Mexican,cash
U1026,23.733,-99.133,FALSE,abstemious,formal,family,public,single,independent,technology,hunter-ostentatious,Catholic,student,red,49,medium,1.55,Mexican,cash
U1026,23.733,-99.133,FALSE,abstemious,formal,family,public,single,independent,technology,hunter-ostentatious,Catholic,student,red,49,medium,1.55,Mexican,bank_debit_cards
U1087,23.753336,-99.167984,FALSE,abstemious,no preference,solitary,public,single,independent,variety,thrifty-protector,Catholic,student,black,53,medium,1.55,Chinese,cash
U1079,18.917,-99.25,FALSE,abstemious,formal,family,public,single,independent,technology,thrifty-protector,Catholic,?,black,53,medium,1.55,Mexican,cash
U1020,18.878189,-99.222969,FALSE,abstemious,no preference,friends,public,single,independent,technology,hard-worker,Catholic,professional,blue,40,medium,1.68,Mexican,cash
U1020,18.878189,-99.222969,FALSE,abstemious,no preference,friends,public,single,independent,technology,hard-worker,Catholic,professional,blue,40,medium,1.68,Mexican,bank_debit_cards
U1114,22.177726,-101.014094,FALSE,abstemious,no preference,family,on foot,single,independent,variety,hard-worker,Catholic,student,blue,58,medium,1.68,Mexican,cash
U1119,18.96479,-99.260017,FALSE,abstemious,formal,family,public,single,independent,eco-friendly,thrifty-protector,Catholic,student,blue,68,medium,1.68,Mexican,cash
U1041,18.935191,-99.23624,FALSE,abstemious,no preference,friends,on foot,single,independent,eco-friendly,hunter-ostentatious,Catholic,professional,white,40,medium,1.62,Contemporary,VISA
U1041,18.935191,-99.23624,FALSE,abstemious,no preference,friends,on foot,single,independent,eco-friendly,hunter-ostentatious,Catholic,professional,white,40,medium,1.62,Contemporary,cash
U1041,18.935191,-99.23624,FALSE,abstemious,no preference,friends,on foot,single,independent,eco-friendly,hunter-ostentatious,Catholic,professional,white,40,medium,1.62,Contemporary,American_Express
U1041,18.935191,-99.23624,FALSE,abstemious,no preference,friends,on foot,single,independent,eco-friendly,hunter-ostentatious,Catholic,professional,white,40,medium,1.62,Contemporary,bank_debit_cards
U1108,22.143524,-100.987562,FALSE,abstemious,informal,solitary,public,single,independent,technology,thrifty-protector,Catholic,student,blue,76,medium,1.81,Game,VISA
U1108,22.143524,-100.987562,FALSE,abstemious,informal,solitary,public,single,independent,technology,thrifty-protector,Catholic,student,blue,76,medium,1.81,Game,cash
U1108,22.143524,-100.987562,FALSE,abstemious,informal,solitary,public,single,independent,technology,thrifty-protector,Catholic,student,blue,76,medium,1.81,Game,MasterCard-Eurocard
U1108,22.143524,-100.987562,FALSE,abstemious,informal,solitary,public,single,independent,technology,thrifty-protector,Catholic,student,blue,76,medium,1.81,Asian,VISA
U1108,22.143524,-100.987562,FALSE,abstemious,informal,solitary,public,single,independent,technology,thrifty-protector,Catholic,student,blue,76,medium,1.81,Asian,cash
U1108,22.143524,-100.987562,FALSE,abstemious,informal,solitary,public,single,independent,technology,thrifty-protector,Catholic,student,blue,76,medium,1.81,Asian,MasterCard-Eurocard
U1108,22.143524,-100.987562,FALSE,abstemious,informal,solitary,public,single,independent,technology,thrifty-protector,Catholic,student,blue,76,medium,1.81,Sushi,VISA
U1108,22.143524,-100.987562,FALSE,abstemious,informal,solitary,public,single,independent,technology,thrifty-protector,Catholic,student,blue,76,medium,1.81,Sushi,cash
U1108,22.143524,-100.987562,FALSE,abstemious,informal,solitary,public,single,independent,technology,thrifty-protector,Catholic,student,blue,76,medium,1.81,Sushi,MasterCard-Eurocard
U1108,22.143524,-100.987562,FALSE,abstemious,informal,solitary,public,single,independent,technology,thrifty-protector,Catholic,student,blue,76,medium,1.81,Family,VISA
U1108,22.143524,-100.987562,FALSE,abstemious,informal,solitary,public,single,independent,technology,thrifty-protector,Catholic,student,blue,76,medium,1.81,Family,cash
U1108,22.143524,-100.987562,FALSE,abstemious,informal,solitary,public,single,independent,technology,thrifty-protector,Catholic,student,blue,76,medium,1.81,Family,MasterCard-Eurocard
U1108,22.143524,-100.987562,FALSE,abstemious,informal,solitary,public,single,independent,technology,thrifty-protector,Catholic,student,blue,76,medium,1.81,Burgers,VISA
U1108,22.143524,-100.987562,FALSE,abstemious,informal,solitary,public,single,independent,technology,thrifty-protector,Catholic,student,blue,76,medium,1.81,Burgers,cash
U1108,22.143524,-100.987562,FALSE,abstemious,informal,solitary,public,single,independent,technology,thrifty-protector,Catholic,student,blue,76,medium,1.81,Burgers,MasterCard-Eurocard
U1108,22.143524,-100.987562,FALSE,abstemious,informal,solitary,public,single,independent,technology,thrifty-protector,Catholic,student,blue,76,medium,1.81,Chinese,VISA
U1108,22.143524,-100.987562,FALSE,abstemious,informal,solitary,public,single,independent,technology,thrifty-protector,Catholic,student,blue,76,medium,1.81,Chinese,cash
U1108,22.143524,-100.987562,FALSE,abstemious,informal,solitary,public,single,independent,technology,thrifty-protector,Catholic,student,blue,76,medium,1.81,Chinese,MasterCard-Eurocard
U1108,22.143524,-100.987562,FALSE,abstemious,informal,solitary,public,single,independent,technology,thrifty-protector,Catholic,student,blue,76,medium,1.81,Mexican,VISA
U1108,22.143524,-100.987562,FALSE,abstemious,informal,solitary,public,single,independent,technology,thrifty-protector,Catholic,student,blue,76,medium,1.81,Mexican,cash
U1108,22.143524,-100.987562,FALSE,abstemious,informal,solitary,public,single,independent,technology,thrifty-protector,Catholic,student,blue,76,medium,1.81,Mexican,MasterCard-Eurocard
U1108,22.143524,-100.987562,FALSE,abstemious,informal,solitary,public,single,independent,technology,thrifty-protector,Catholic,student,blue,76,medium,1.81,Seafood,VISA
U1108,22.143524,-100.987562,FALSE,abstemious,informal,solitary,public,single,independent,technology,thrifty-protector,Catholic,student,blue,76,medium,1.81,Seafood,cash
U1108,22.143524,-100.987562,FALSE,abstemious,informal,solitary,public,single,independent,technology,thrifty-protector,Catholic,student,blue,76,medium,1.81,Seafood,MasterCard-Eurocard
U1108,22.143524,-100.987562,FALSE,abstemious,informal,solitary,public,single,independent,technology,thrifty-protector,Catholic,student,blue,76,medium,1.81,American,VISA
U1108,22.143524,-100.987562,FALSE,abstemious,informal,solitary,public,single,independent,technology,thrifty-protector,Catholic,student,blue,76,medium,1.81,American,cash
U1108,22.143524,-100.987562,FALSE,abstemious,informal,solitary,public,single,independent,technology,thrifty-protector,Catholic,student,blue,76,medium,1.81,American,MasterCard-Eurocard
U1108,22.143524,-100.987562,FALSE,abstemious,informal,solitary,public,single,independent,technology,thrifty-protector,Catholic,student,blue,76,medium,1.81,Hot_Dogs,VISA
U1108,22.143524,-100.987562,FALSE,abstemious,informal,solitary,public,single,independent,technology,thrifty-protector,Catholic,student,blue,76,medium,1.81,Hot_Dogs,cash
U1108,22.143524,-100.987562,FALSE,abstemious,informal,solitary,public,single,independent,technology,thrifty-protector,Catholic,student,blue,76,medium,1.81,Hot_Dogs,MasterCard-Eurocard
U1108,22.143524,-100.987562,FALSE,abstemious,informal,solitary,public,single,independent,technology,thrifty-protector,Catholic,student,blue,76,medium,1.81,Japanese,VISA
U1108,22.143524,-100.987562,FALSE,abstemious,informal,solitary,public,single,independent,technology,thrifty-protector,Catholic,student,blue,76,medium,1.81,Japanese,cash
U1108,22.143524,-100.987562,FALSE,abstemious,informal,solitary,public,single,independent,technology,thrifty-protector,Catholic,student,blue,76,medium,1.81,Japanese,MasterCard-Eurocard
U1108,22.143524,-100.987562,FALSE,abstemious,informal,solitary,public,single,independent,technology,thrifty-protector,Catholic,student,blue,76,medium,1.81,Pizzeria,VISA
U1108,22.143524,-100.987562,FALSE,abstemious,informal,solitary,public,single,independent,technology,thrifty-protector,Catholic,student,blue,76,medium,1.81,Pizzeria,cash
U1108,22.143524,-100.987562,FALSE,abstemious,informal,solitary,public,single,independent,technology,thrifty-protector,Catholic,student,blue,76,medium,1.81,Pizzeria,MasterCard-Eurocard
U1108,22.143524,-100.987562,FALSE,abstemious,informal,solitary,public,single,independent,technology,thrifty-protector,Catholic,student,blue,76,medium,1.81,Cafeteria,VISA
U1108,22.143524,-100.987562,FALSE,abstemious,informal,solitary,public,single,independent,technology,thrifty-protector,Catholic,student,blue,76,medium,1.81,Cafeteria,cash
U1108,22.143524,-100.987562,FALSE,abstemious,informal,solitary,public,single,independent,technology,thrifty-protector,Catholic,student,blue,76,medium,1.81,Cafeteria,MasterCard-Eurocard
U1108,22.143524,-100.987562,FALSE,abstemious,informal,solitary,public,single,independent,technology,thrifty-protector,Catholic,student,blue,76,medium,1.81,Fast_Food,VISA
U1108,22.143524,-100.987562,FALSE,abstemious,informal,solitary,public,single,independent,technology,thrifty-protector,Catholic,student,blue,76,medium,1.81,Fast_Food,cash
U1108,22.143524,-100.987562,FALSE,abstemious,informal,solitary,public,single,independent,technology,thrifty-protector,Catholic,student,blue,76,medium,1.81,Fast_Food,MasterCard-Eurocard
U1108,22.143524,-100.987562,FALSE,abstemious,informal,solitary,public,single,independent,technology,thrifty-protector,Catholic,student,blue,76,medium,1.81,Latin_American,VISA
U1108,22.143524,-100.987562,FALSE,abstemious,informal,solitary,public,single,independent,technology,thrifty-protector,Catholic,student,blue,76,medium,1.81,Latin_American,cash
U1108,22.143524,-100.987562,FALSE,abstemious,informal,solitary,public,single,independent,technology,thrifty-protector,Catholic,student,blue,76,medium,1.81,Latin_American,MasterCard-Eurocard
U1108,22.143524,-100.987562,FALSE,abstemious,informal,solitary,public,single,independent,technology,thrifty-protector,Catholic,student,blue,76,medium,1.81,Deli-Sandwiches,VISA
U1108,22.143524,-100.987562,FALSE,abstemious,informal,solitary,public,single,independent,technology,thrifty-protector,Catholic,student,blue,76,medium,1.81,Deli-Sandwiches,cash
U1108,22.143524,-100.987562,FALSE,abstemious,informal,solitary,public,single,independent,technology,thrifty-protector,Catholic,student,blue,76,medium,1.81,Deli-Sandwiches,MasterCard-Eurocard
U1108,22.143524,-100.987562,FALSE,abstemious,informal,solitary,public,single,independent,technology,thrifty-protector,Catholic,student,blue,76,medium,1.81,Cafe-Coffee_Shop,VISA
U1108,22.143524,-100.987562,FALSE,abstemious,informal,solitary,public,single,independent,technology,thrifty-protector,Catholic,student,blue,76,medium,1.81,Cafe-Coffee_Shop,cash
U1108,22.143524,-100.987562,FALSE,abstemious,informal,solitary,public,single,independent,technology,thrifty-protector,Catholic,student,blue,76,medium,1.81,Cafe-Coffee_Shop,MasterCard-Eurocard
U1108,22.143524,-100.987562,FALSE,abstemious,informal,solitary,public,single,independent,technology,thrifty-protector,Catholic,student,blue,76,medium,1.81,Dessert-Ice_Cream,VISA
U1108,22.143524,-100.987562,FALSE,abstemious,informal,solitary,public,single,independent,technology,thrifty-protector,Catholic,student,blue,76,medium,1.81,Dessert-Ice_Cream,cash
U1108,22.143524,-100.987562,FALSE,abstemious,informal,solitary,public,single,independent,technology,thrifty-protector,Catholic,student,blue,76,medium,1.81,Dessert-Ice_Cream,MasterCard-Eurocard
U1034,22.137178,-101.013169,FALSE,casual drinker,informal,family,public,single,independent,technology,thrifty-protector,Catholic,student,yellow,50,medium,1.58,Mexican,cash
U1035,18.839671,-99.223897,TRUE,casual drinker,no preference,friends,car owner,single,independent,variety,hunter-ostentatious,none,student,red,69,medium,1.75,Family,VISA
U1035,18.839671,-99.223897,TRUE,casual drinker,no preference,friends,car owner,single,independent,variety,hunter-ostentatious,none,student,red,69,medium,1.75,Family,cash
U1030,18.844818,-99.182758,FALSE,casual drinker,formal,family,on foot,single,independent,eco-friendly,hard-worker,Catholic,student,black,64,medium,1.75,Mexican,cash
U1112,22.143078,-100.908523,TRUE,casual drinker,formal,friends,car owner,single,independent,none,hard-worker,Catholic,student,white,69,medium,1.69,Mexican,cash
U1111,22.143078,-100.908523,TRUE,casual drinker,formal,friends,car owner,single,independent,none,hard-worker,Catholic,student,white,69,medium,1.69,Mexican,cash
U1101,22.150891,-100.974891,FALSE,casual drinker,no preference,friends,car owner,single,independent,eco-friendly,hunter-ostentatious,Catholic,student,white,50,low,1.69,Bar,cash
U1101,22.150891,-100.974891,FALSE,casual drinker,no preference,friends,car owner,single,independent,eco-friendly,hunter-ostentatious,Catholic,student,white,50,low,1.69,Diner,cash
U1101,22.150891,-100.974891,FALSE,casual drinker,no preference,friends,car owner,single,independent,eco-friendly,hunter-ostentatious,Catholic,student,white,50,low,1.69,Afghan,cash
U1101,22.150891,-100.974891,FALSE,casual drinker,no preference,friends,car owner,single,independent,eco-friendly,hunter-ostentatious,Catholic,student,white,50,low,1.69,Family,cash
U1101,22.150891,-100.974891,FALSE,casual drinker,no preference,friends,car owner,single,independent,eco-friendly,hunter-ostentatious,Catholic,student,white,50,low,1.69,Burgers,cash
U1101,22.150891,-100.974891,FALSE,casual drinker,no preference,friends,car owner,single,independent,eco-friendly,hunter-ostentatious,Catholic,student,white,50,low,1.69,Chinese,cash
U1101,22.150891,-100.974891,FALSE,casual drinker,no preference,friends,car owner,single,independent,eco-friendly,hunter-ostentatious,Catholic,student,white,50,low,1.69,Italian,cash
U1101,22.150891,-100.974891,FALSE,casual drinker,no preference,friends,car owner,single,independent,eco-friendly,hunter-ostentatious,Catholic,student,white,50,low,1.69,Mexican,cash
U1101,22.150891,-100.974891,FALSE,casual drinker,no preference,friends,car owner,single,independent,eco-friendly,hunter-ostentatious,Catholic,student,white,50,low,1.69,Hot_Dogs,cash
U1101,22.150891,-100.974891,FALSE,casual drinker,no preference,friends,car owner,single,independent,eco-friendly,hunter-ostentatious,Catholic,student,white,50,low,1.69,Cafeteria,cash
U1101,22.150891,-100.974891,FALSE,casual drinker,no preference,friends,car owner,single,independent,eco-friendly,hunter-ostentatious,Catholic,student,white,50,low,1.69,Doughnuts,cash
U1101,22.150891,-100.974891,FALSE,casual drinker,no preference,friends,car owner,single,independent,eco-friendly,hunter-ostentatious,Catholic,student,white,50,low,1.69,Australian,cash
U1101,22.150891,-100.974891,FALSE,casual drinker,no preference,friends,car owner,single,independent,eco-friendly,hunter-ostentatious,Catholic,student,white,50,low,1.69,Contemporary,cash
U1101,22.150891,-100.974891,FALSE,casual drinker,no preference,friends,car owner,single,independent,eco-friendly,hunter-ostentatious,Catholic,student,white,50,low,1.69,Latin_American,cash
U1101,22.150891,-100.974891,FALSE,casual drinker,no preference,friends,car owner,single,independent,eco-friendly,hunter-ostentatious,Catholic,student,white,50,low,1.69,Cafe-Coffee_Shop,cash
U1129,23.728798,-99.134047,FALSE,casual drinker,no preference,friends,public,single,independent,variety,thrifty-protector,none,student,purple,69,low,1.69,Mexican,cash
U1126,22.15421,-100.942233,FALSE,casual drinker,formal,friends,on foot,single,independent,technology,hard-worker,Catholic,student,purple,65,low,1.63,Mexican,cash
U1068,23.752269,-99.168605,FALSE,casual drinker,informal,friends,public,single,independent,technology,thrifty-protector,Catholic,student,blue,72,low,1.57,Mexican,cash
U1051,18.877719,-99.22299,FALSE,casual drinker,no preference,family,public,single,independent,variety,thrifty-protector,none,professional,blue,74,medium,1.76,Mexican,VISA
U1051,18.877719,-99.22299,FALSE,casual drinker,no preference,family,public,single,independent,variety,thrifty-protector,none,professional,blue,74,medium,1.76,Mexican,cash
U1124,22.137072,-100.918865,FALSE,casual drinker,informal,friends,public,single,independent,none,hard-worker,Catholic,student,blue,51,low,1.2,Mexican,cash
U1048,22.142208,-101.022785,TRUE,casual drinker,no preference,?,public,single,independent,eco-friendly,thrifty-protector,none,student,green,65,medium,1.7,Mexican,cash
U1091,22.154677,-100.949013,FALSE,casual drinker,no preference,family,car owner,single,independent,eco-friendly,thrifty-protector,none,student,red,40,low,1.7,Mexican,cash
U1091,22.154677,-100.949013,FALSE,casual drinker,no preference,family,car owner,single,independent,eco-friendly,thrifty-protector,none,student,red,40,low,1.7,American,cash
U1074,18.917,-99.25,TRUE,casual drinker,no preference,family,car owner,single,kids,eco-friendly,hard-worker,Catholic,professional,black,68,medium,1.7,Sushi,cash
U1074,18.917,-99.25,TRUE,casual drinker,no preference,family,car owner,single,kids,eco-friendly,hard-worker,Catholic,professional,black,68,medium,1.7,Sushi,bank_debit_cards
U1057,22.196624,-100.91217,TRUE,casual drinker,formal,friends,public,single,independent,technology,hunter-ostentatious,Catholic,student,yellow,69,medium,1.83,American,VISA
U1057,22.196624,-100.91217,TRUE,casual drinker,formal,friends,public,single,independent,technology,hunter-ostentatious,Catholic,student,yellow,69,medium,1.83,American,cash
U1018,22.190949,-100.917902,TRUE,casual drinker,formal,friends,public,single,independent,technology,thrifty-protector,Christian,student,blue,65,low,1.83,Mexican,cash
U1064,22.139511,-100.957002,FALSE,casual drinker,formal,solitary,public,single,independent,variety,hunter-ostentatious,none,student,blue,94,medium,1.77,Mexican,cash
U1106,18.927072,-99.173584,FALSE,casual drinker,informal,friends,car owner,single,independent,technology,hard-worker,Catholic,professional,blue,65,medium,1.71,Barbecue,cash
U1106,18.927072,-99.173584,FALSE,casual drinker,informal,friends,car owner,single,independent,technology,hard-worker,Catholic,professional,blue,65,medium,1.71,Barbecue,bank_debit_cards
U1134,22.149654,-100.99861,FALSE,casual drinker,no preference,family,public,single,independent,variety,hard-worker,Catholic,student,black,52,medium,1.65,Mexican,cash
U1100,18.879729,-99.067106,FALSE,casual drinker,formal,friends,public,single,independent,eco-friendly,hard-worker,Christian,student,black,40,medium,1.65,Mexican,cash
U1007,22.118464,-100.938256,FALSE,casual drinker,informal,solitary,public,single,independent,variety,thrifty-protector,Catholic,student,purple,60,low,1.59,Family,cash
U1060,23.715238,-99.158864,FALSE,casual drinker,formal,family,public,single,independent,technology,thrifty-protector,Catholic,student,blue,82,medium,1.84,Soup,cash
U1060,23.715238,-99.158864,FALSE,casual drinker,formal,family,public,single,independent,technology,thrifty-protector,Catholic,student,blue,82,medium,1.84,Juice,cash
U1060,23.715238,-99.158864,FALSE,casual drinker,formal,family,public,single,independent,technology,thrifty-protector,Catholic,student,blue,82,medium,1.84,Burgers,cash
U1060,23.715238,-99.158864,FALSE,casual drinker,formal,family,public,single,independent,technology,thrifty-protector,Catholic,student,blue,82,medium,1.84,Italian,cash
U1060,23.715238,-99.158864,FALSE,casual drinker,formal,family,public,single,independent,technology,thrifty-protector,Catholic,student,blue,82,medium,1.84,Mexican,cash
U1060,23.715238,-99.158864,FALSE,casual drinker,formal,family,public,single,independent,technology,thrifty-protector,Catholic,student,blue,82,medium,1.84,Spanish,cash
U1060,23.715238,-99.158864,FALSE,casual drinker,formal,family,public,single,independent,technology,thrifty-protector,Catholic,student,blue,82,medium,1.84,Tex-Mex,cash
U1060,23.715238,-99.158864,FALSE,casual drinker,formal,family,public,single,independent,technology,thrifty-protector,Catholic,student,blue,82,medium,1.84,American,cash
U1060,23.715238,-99.158864,FALSE,casual drinker,formal,family,public,single,independent,technology,thrifty-protector,Catholic,student,blue,82,medium,1.84,Hot_Dogs,cash
U1060,23.715238,-99.158864,FALSE,casual drinker,formal,family,public,single,independent,technology,thrifty-protector,Catholic,student,blue,82,medium,1.84,Pizzeria,cash
U1060,23.715238,-99.158864,FALSE,casual drinker,formal,family,public,single,independent,technology,thrifty-protector,Catholic,student,blue,82,medium,1.84,Cafeteria,cash
U1060,23.715238,-99.158864,FALSE,casual drinker,formal,family,public,single,independent,technology,thrifty-protector,Catholic,student,blue,82,medium,1.84,Fast_Food,cash
U1060,23.715238,-99.158864,FALSE,casual drinker,formal,family,public,single,independent,technology,thrifty-protector,Catholic,student,blue,82,medium,1.84,Cafe-Coffee_Shop,cash
U1012,18.813348,-99.243697,FALSE,casual drinker,formal,family,public,single,independent,technology,hard-worker,Catholic,student,red,98,medium,1.84,Latin_American,cash
U1012,18.813348,-99.243697,FALSE,casual drinker,formal,family,public,single,independent,technology,hard-worker,Catholic,student,red,98,medium,1.84,Latin_American,bank_debit_cards
U1063,23.745096,-99.164357,FALSE,casual drinker,formal,family,public,single,independent,eco-friendly,conformist,Catholic,student,red,80,medium,1.78,Mexican,cash
U1053,22.175833,-100.986671,FALSE,casual drinker,informal,family,public,single,independent,variety,thrifty-protector,Catholic,student,red,66,low,1.72,Mexican,cash
U1128,22.187236,-100.994213,FALSE,casual drinker,no preference,friends,public,single,independent,variety,thrifty-protector,Catholic,student,red,66,low,1.72,Mexican,cash
U1128,22.187236,-100.994213,FALSE,casual drinker,no preference,friends,public,single,independent,variety,thrifty-protector,Catholic,student,red,66,low,1.72,Hot_Dogs,cash
U1128,22.187236,-100.994213,FALSE,casual drinker,no preference,friends,public,single,independent,variety,thrifty-protector,Catholic,student,red,66,low,1.72,Pizzeria,cash
U1128,22.187236,-100.994213,FALSE,casual drinker,no preference,friends,public,single,independent,variety,thrifty-protector,Catholic,student,red,66,low,1.72,Cafeteria,cash
U1029,22.151796,-100.989075,TRUE,casual drinker,formal,family,public,single,independent,variety,conformist,Catholic,student,white,58,low,1.6,Mexican,cash
U1084,22.172524,-101.005758,TRUE,casual drinker,formal,family,public,single,independent,variety,thrifty-protector,Catholic,student,red,65,medium,1.6,Mexican,cash
U1075,22.167575,-100.960364,FALSE,casual drinker,informal,family,car owner,single,independent,technology,thrifty-protector,Catholic,student,white,68,medium,1.6,Mexican,cash
U1070,23.753237,-99.166868,FALSE,casual drinker,informal,friends,public,single,independent,variety,thrifty-protector,Catholic,student,green,47,low,1.6,Mexican,cash
U1089,22.162562,-100.99313,TRUE,casual drinker,informal,family,public,single,independent,variety,conformist,Catholic,student,white,54,low,1.6,Mexican,cash
U1019,22.153385,-100.975294,FALSE,casual drinker,no preference,family,public,single,independent,variety,thrifty-protector,Catholic,student,purple,59,medium,1.6,Family,cash
U1045,22.156724,-100.984268,FALSE,casual drinker,elegant,friends,car owner,single,independent,technology,thrifty-protector,Mormon,student,orange,68,high,1.6,Mexican,cash
U1045,22.156724,-100.984268,FALSE,casual drinker,elegant,friends,car owner,single,independent,technology,thrifty-protector,Mormon,student,orange,68,high,1.6,Moroccan,cash
U1045,22.156724,-100.984268,FALSE,casual drinker,elegant,friends,car owner,single,independent,technology,thrifty-protector,Mormon,student,orange,68,high,1.6,Mongolian,cash
U1045,22.156724,-100.984268,FALSE,casual drinker,elegant,friends,car owner,single,independent,technology,thrifty-protector,Mormon,student,orange,68,high,1.6,Middle_Eastern,cash
U1132,22.15,-100.983,FALSE,casual drinker,informal,solitary,public,single,?,none,hard-worker,none,student,blue,55,?,1.6,Mexican,cash
U1049,22.15,-100.983,FALSE,casual drinker,informal,solitary,public,single,?,none,hard-worker,none,student,blue,55,?,1.6,Mexican,cash
U1022,22.146708,-100.964355,FALSE,casual drinker,formal,family,car owner,single,independent,variety,hard-worker,Catholic,student,purple,46,medium,1.54,Mexican,cash
U1072,18.86826,-99.212033,FALSE,casual drinker,no preference,family,public,single,independent,eco-friendly,thrifty-protector,Christian,student,red,50,medium,1.54,Mexican,cash
U1072,18.86826,-99.212033,FALSE,casual drinker,no preference,family,public,single,independent,eco-friendly,thrifty-protector,Christian,student,red,50,medium,1.54,Mexican,bank_debit_cards
U1081,22.207749,-100.942383,FALSE,casual drinker,informal,family,public,single,independent,variety,hard-worker,Catholic,student,green,52,low,1.54,Mexican,cash
U1135,22.170396,-100.949936,FALSE,casual drinker,informal,family,on foot,single,kids,variety,hunter-ostentatious,Catholic,student,purple,66,low,1.54,Bar,cash
U1135,22.170396,-100.949936,FALSE,casual drinker,informal,family,on foot,single,kids,variety,hunter-ostentatious,Catholic,student,purple,66,low,1.54,Game,cash
U1135,22.170396,-100.949936,FALSE,casual drinker,informal,family,on foot,single,kids,variety,hunter-ostentatious,Catholic,student,purple,66,low,1.54,Soup,cash
U1135,22.170396,-100.949936,FALSE,casual drinker,informal,family,on foot,single,kids,variety,hunter-ostentatious,Catholic,student,purple,66,low,1.54,Thai,cash
U1135,22.170396,-100.949936,FALSE,casual drinker,informal,family,on foot,single,kids,variety,hunter-ostentatious,Catholic,student,purple,66,low,1.54,Asian,cash
U1135,22.170396,-100.949936,FALSE,casual drinker,informal,family,on foot,single,kids,variety,hunter-ostentatious,Catholic,student,purple,66,low,1.54,Cuban,cash
U1135,22.170396,-100.949936,FALSE,casual drinker,informal,family,on foot,single,kids,variety,hunter-ostentatious,Catholic,student,purple,66,low,1.54,Diner,cash
U1135,22.170396,-100.949936,FALSE,casual drinker,informal,family,on foot,single,kids,variety,hunter-ostentatious,Catholic,student,purple,66,low,1.54,Greek,cash
U1135,22.170396,-100.949936,FALSE,casual drinker,informal,family,on foot,single,kids,variety,hunter-ostentatious,Catholic,student,purple,66,low,1.54,Irish,cash
U1135,22.170396,-100.949936,FALSE,casual drinker,informal,family,on foot,single,kids,variety,hunter-ostentatious,Catholic,student,purple,66,low,1.54,Juice,cash
U1135,22.170396,-100.949936,FALSE,casual drinker,informal,family,on foot,single,kids,variety,hunter-ostentatious,Catholic,student,purple,66,low,1.54,Sushi,cash
U1135,22.170396,-100.949936,FALSE,casual drinker,informal,family,on foot,single,kids,variety,hunter-ostentatious,Catholic,student,purple,66,low,1.54,Swiss,cash
U1135,22.170396,-100.949936,FALSE,casual drinker,informal,family,on foot,single,kids,variety,hunter-ostentatious,Catholic,student,purple,66,low,1.54,Tapas,cash
U1135,22.170396,-100.949936,FALSE,casual drinker,informal,family,on foot,single,kids,variety,hunter-ostentatious,Catholic,student,purple,66,low,1.54,Afghan,cash
U1135,22.170396,-100.949936,FALSE,casual drinker,informal,family,on foot,single,kids,variety,hunter-ostentatious,Catholic,student,purple,66,low,1.54,Bagels,cash
U1135,22.170396,-100.949936,FALSE,casual drinker,informal,family,on foot,single,kids,variety,hunter-ostentatious,Catholic,student,purple,66,low,1.54,Bakery,cash
U1135,22.170396,-100.949936,FALSE,casual drinker,informal,family,on foot,single,kids,variety,hunter-ostentatious,Catholic,student,purple,66,low,1.54,Basque,cash
U1135,22.170396,-100.949936,FALSE,casual drinker,informal,family,on foot,single,kids,variety,hunter-ostentatious,Catholic,student,purple,66,low,1.54,Family,cash
U1135,22.170396,-100.949936,FALSE,casual drinker,informal,family,on foot,single,kids,variety,hunter-ostentatious,Catholic,student,purple,66,low,1.54,French,cash
U1135,22.170396,-100.949936,FALSE,casual drinker,informal,family,on foot,single,kids,variety,hunter-ostentatious,Catholic,student,purple,66,low,1.54,Fusion,cash
U1135,22.170396,-100.949936,FALSE,casual drinker,informal,family,on foot,single,kids,variety,hunter-ostentatious,Catholic,student,purple,66,low,1.54,German,cash
U1135,22.170396,-100.949936,FALSE,casual drinker,informal,family,on foot,single,kids,variety,hunter-ostentatious,Catholic,student,purple,66,low,1.54,Korean,cash
U1135,22.170396,-100.949936,FALSE,casual drinker,informal,family,on foot,single,kids,variety,hunter-ostentatious,Catholic,student,purple,66,low,1.54,Kosher,cash
U1135,22.170396,-100.949936,FALSE,casual drinker,informal,family,on foot,single,kids,variety,hunter-ostentatious,Catholic,student,purple,66,low,1.54,Polish,cash
U1135,22.170396,-100.949936,FALSE,casual drinker,informal,family,on foot,single,kids,variety,hunter-ostentatious,Catholic,student,purple,66,low,1.54,Steaks,cash
U1135,22.170396,-100.949936,FALSE,casual drinker,informal,family,on foot,single,kids,variety,hunter-ostentatious,Catholic,student,purple,66,low,1.54,African,cash
U1135,22.170396,-100.949936,FALSE,casual drinker,informal,family,on foot,single,kids,variety,hunter-ostentatious,Catholic,student,purple,66,low,1.54,British,cash
U1135,22.170396,-100.949936,FALSE,casual drinker,informal,family,on foot,single,kids,variety,hunter-ostentatious,Catholic,student,purple,66,low,1.54,Burgers,cash
U1135,22.170396,-100.949936,FALSE,casual drinker,informal,family,on foot,single,kids,variety,hunter-ostentatious,Catholic,student,purple,66,low,1.54,Burmese,cash
U1135,22.170396,-100.949936,FALSE,casual drinker,informal,family,on foot,single,kids,variety,hunter-ostentatious,Catholic,student,purple,66,low,1.54,Chilean,cash
U1135,22.170396,-100.949936,FALSE,casual drinker,informal,family,on foot,single,kids,variety,hunter-ostentatious,Catholic,student,purple,66,low,1.54,Chinese,cash
U1135,22.170396,-100.949936,FALSE,casual drinker,informal,family,on foot,single,kids,variety,hunter-ostentatious,Catholic,student,purple,66,low,1.54,Dim_Sum,cash
U1135,22.170396,-100.949936,FALSE,casual drinker,informal,family,on foot,single,kids,variety,hunter-ostentatious,Catholic,student,purple,66,low,1.54,Israeli,cash
U1135,22.170396,-100.949936,FALSE,casual drinker,informal,family,on foot,single,kids,variety,hunter-ostentatious,Catholic,student,purple,66,low,1.54,Italian,cash
U1135,22.170396,-100.949936,FALSE,casual drinker,informal,family,on foot,single,kids,variety,hunter-ostentatious,Catholic,student,purple,66,low,1.54,Mexican,cash
U1135,22.170396,-100.949936,FALSE,casual drinker,informal,family,on foot,single,kids,variety,hunter-ostentatious,Catholic,student,purple,66,low,1.54,Persian,cash
U1135,22.170396,-100.949936,FALSE,casual drinker,informal,family,on foot,single,kids,variety,hunter-ostentatious,Catholic,student,purple,66,low,1.54,Seafood,cash
U1135,22.170396,-100.949936,FALSE,casual drinker,informal,family,on foot,single,kids,variety,hunter-ostentatious,Catholic,student,purple,66,low,1.54,Spanish,cash
U1135,22.170396,-100.949936,FALSE,casual drinker,informal,family,on foot,single,kids,variety,hunter-ostentatious,Catholic,student,purple,66,low,1.54,Tex-Mex,cash
U1135,22.170396,-100.949936,FALSE,casual drinker,informal,family,on foot,single,kids,variety,hunter-ostentatious,Catholic,student,purple,66,low,1.54,Tibetan,cash
U1135,22.170396,-100.949936,FALSE,casual drinker,informal,family,on foot,single,kids,variety,hunter-ostentatious,Catholic,student,purple,66,low,1.54,Turkish,cash
U1135,22.170396,-100.949936,FALSE,casual drinker,informal,family,on foot,single,kids,variety,hunter-ostentatious,Catholic,student,purple,66,low,1.54,American,cash
U1135,22.170396,-100.949936,FALSE,casual drinker,informal,family,on foot,single,kids,variety,hunter-ostentatious,Catholic,student,purple,66,low,1.54,Armenian,cash
U1135,22.170396,-100.949936,FALSE,casual drinker,informal,family,on foot,single,kids,variety,hunter-ostentatious,Catholic,student,purple,66,low,1.54,Austrian,cash
U1135,22.170396,-100.949936,FALSE,casual drinker,informal,family,on foot,single,kids,variety,hunter-ostentatious,Catholic,student,purple,66,low,1.54,Barbecue,cash
U1135,22.170396,-100.949936,FALSE,casual drinker,informal,family,on foot,single,kids,variety,hunter-ostentatious,Catholic,student,purple,66,low,1.54,Canadian,cash
U1135,22.170396,-100.949936,FALSE,casual drinker,informal,family,on foot,single,kids,variety,hunter-ostentatious,Catholic,student,purple,66,low,1.54,Eclectic,cash
U1135,22.170396,-100.949936,FALSE,casual drinker,informal,family,on foot,single,kids,variety,hunter-ostentatious,Catholic,student,purple,66,low,1.54,Filipino,cash
U1135,22.170396,-100.949936,FALSE,casual drinker,informal,family,on foot,single,kids,variety,hunter-ostentatious,Catholic,student,purple,66,low,1.54,Hawaiian,cash
U1135,22.170396,-100.949936,FALSE,casual drinker,informal,family,on foot,single,kids,variety,hunter-ostentatious,Catholic,student,purple,66,low,1.54,Hot_Dogs,cash
U1135,22.170396,-100.949936,FALSE,casual drinker,informal,family,on foot,single,kids,variety,hunter-ostentatious,Catholic,student,purple,66,low,1.54,Jamaican,cash
U1135,22.170396,-100.949936,FALSE,casual drinker,informal,family,on foot,single,kids,variety,hunter-ostentatious,Catholic,student,purple,66,low,1.54,Japanese,cash
U1135,22.170396,-100.949936,FALSE,casual drinker,informal,family,on foot,single,kids,variety,hunter-ostentatious,Catholic,student,purple,66,low,1.54,Lebanese,cash
U1135,22.170396,-100.949936,FALSE,casual drinker,informal,family,on foot,single,kids,variety,hunter-ostentatious,Catholic,student,purple,66,low,1.54,Moroccan,cash
U1135,22.170396,-100.949936,FALSE,casual drinker,informal,family,on foot,single,kids,variety,hunter-ostentatious,Catholic,student,purple,66,low,1.54,Peruvian,cash
U1135,22.170396,-100.949936,FALSE,casual drinker,informal,family,on foot,single,kids,variety,hunter-ostentatious,Catholic,student,purple,66,low,1.54,Pizzeria,cash
U1135,22.170396,-100.949936,FALSE,casual drinker,informal,family,on foot,single,kids,variety,hunter-ostentatious,Catholic,student,purple,66,low,1.54,Regional,cash
U1135,22.170396,-100.949936,FALSE,casual drinker,informal,family,on foot,single,kids,variety,hunter-ostentatious,Catholic,student,purple,66,low,1.54,Romanian,cash
U1135,22.170396,-100.949936,FALSE,casual drinker,informal,family,on foot,single,kids,variety,hunter-ostentatious,Catholic,student,purple,66,low,1.54,Southern,cash
U1135,22.170396,-100.949936,FALSE,casual drinker,informal,family,on foot,single,kids,variety,hunter-ostentatious,Catholic,student,purple,66,low,1.54,Tunisian,cash
U1135,22.170396,-100.949936,FALSE,casual drinker,informal,family,on foot,single,kids,variety,hunter-ostentatious,Catholic,student,purple,66,low,1.54,Brazilian,cash
U1135,22.170396,-100.949936,FALSE,casual drinker,informal,family,on foot,single,kids,variety,hunter-ostentatious,Catholic,student,purple,66,low,1.54,Cafeteria,cash
U1135,22.170396,-100.949936,FALSE,casual drinker,informal,family,on foot,single,kids,variety,hunter-ostentatious,Catholic,student,purple,66,low,1.54,Cambodian,cash
U1135,22.170396,-100.949936,FALSE,casual drinker,informal,family,on foot,single,kids,variety,hunter-ostentatious,Catholic,student,purple,66,low,1.54,Caribbean,cash
U1135,22.170396,-100.949936,FALSE,casual drinker,informal,family,on foot,single,kids,variety,hunter-ostentatious,Catholic,student,purple,66,low,1.54,Doughnuts,cash
U1135,22.170396,-100.949936,FALSE,casual drinker,informal,family,on foot,single,kids,variety,hunter-ostentatious,Catholic,student,purple,66,low,1.54,Ethiopian,cash
U1135,22.170396,-100.949936,FALSE,casual drinker,informal,family,on foot,single,kids,variety,hunter-ostentatious,Catholic,student,purple,66,low,1.54,Fast_Food,cash
U1135,22.170396,-100.949936,FALSE,casual drinker,informal,family,on foot,single,kids,variety,hunter-ostentatious,Catholic,student,purple,66,low,1.54,Hungarian,cash
U1135,22.170396,-100.949936,FALSE,casual drinker,informal,family,on foot,single,kids,variety,hunter-ostentatious,Catholic,student,purple,66,low,1.54,Malaysian,cash
U1135,22.170396,-100.949936,FALSE,casual drinker,informal,family,on foot,single,kids,variety,hunter-ostentatious,Catholic,student,purple,66,low,1.54,Mongolian,cash
U1135,22.170396,-100.949936,FALSE,casual drinker,informal,family,on foot,single,kids,variety,hunter-ostentatious,Catholic,student,purple,66,low,1.54,Tea_House,cash
U1135,22.170396,-100.949936,FALSE,casual drinker,informal,family,on foot,single,kids,variety,hunter-ostentatious,Catholic,student,purple,66,low,1.54,Australian,cash
U1135,22.170396,-100.949936,FALSE,casual drinker,informal,family,on foot,single,kids,variety,hunter-ostentatious,Catholic,student,purple,66,low,1.54,California,cash
U1135,22.170396,-100.949936,FALSE,casual drinker,informal,family,on foot,single,kids,variety,hunter-ostentatious,Catholic,student,purple,66,low,1.54,Indigenous,cash
U1135,22.170396,-100.949936,FALSE,casual drinker,informal,family,on foot,single,kids,variety,hunter-ostentatious,Catholic,student,purple,66,low,1.54,Indonesian,cash
U1135,22.170396,-100.949936,FALSE,casual drinker,informal,family,on foot,single,kids,variety,hunter-ostentatious,Catholic,student,purple,66,low,1.54,Polynesian,cash
U1135,22.170396,-100.949936,FALSE,casual drinker,informal,family,on foot,single,kids,variety,hunter-ostentatious,Catholic,student,purple,66,low,1.54,Portuguese,cash
U1135,22.170396,-100.949936,FALSE,casual drinker,informal,family,on foot,single,kids,variety,hunter-ostentatious,Catholic,student,purple,66,low,1.54,Vegetarian,cash
U1135,22.170396,-100.949936,FALSE,casual drinker,informal,family,on foot,single,kids,variety,hunter-ostentatious,Catholic,student,purple,66,low,1.54,Vietnamese,cash
U1135,22.170396,-100.949936,FALSE,casual drinker,informal,family,on foot,single,kids,variety,hunter-ostentatious,Catholic,student,purple,66,low,1.54,Fine_Dining,cash
U1135,22.170396,-100.949936,FALSE,casual drinker,informal,family,on foot,single,kids,variety,hunter-ostentatious,Catholic,student,purple,66,low,1.54,Pacific_Rim,cash
U1135,22.170396,-100.949936,FALSE,casual drinker,informal,family,on foot,single,kids,variety,hunter-ostentatious,Catholic,student,purple,66,low,1.54,Cajun-Creole,cash
U1135,22.170396,-100.949936,FALSE,casual drinker,informal,family,on foot,single,kids,variety,hunter-ostentatious,Catholic,student,purple,66,low,1.54,Contemporary,cash
U1135,22.170396,-100.949936,FALSE,casual drinker,informal,family,on foot,single,kids,variety,hunter-ostentatious,Catholic,student,purple,66,low,1.54,Scandinavian,cash
U1135,22.170396,-100.949936,FALSE,casual drinker,informal,family,on foot,single,kids,variety,hunter-ostentatious,Catholic,student,purple,66,low,1.54,Southwestern,cash
U1135,22.170396,-100.949936,FALSE,casual drinker,informal,family,on foot,single,kids,variety,hunter-ostentatious,Catholic,student,purple,66,low,1.54,Dutch-Belgian,cash
U1135,22.170396,-100.949936,FALSE,casual drinker,informal,family,on foot,single,kids,variety,hunter-ostentatious,Catholic,student,purple,66,low,1.54,International,cash
U1135,22.170396,-100.949936,FALSE,casual drinker,informal,family,on foot,single,kids,variety,hunter-ostentatious,Catholic,student,purple,66,low,1.54,Mediterranean,cash
U1135,22.170396,-100.949936,FALSE,casual drinker,informal,family,on foot,single,kids,variety,hunter-ostentatious,Catholic,student,purple,66,low,1.54,North_African,cash
U1135,22.170396,-100.949936,FALSE,casual drinker,informal,family,on foot,single,kids,variety,hunter-ostentatious,Catholic,student,purple,66,low,1.54,Latin_American,cash
U1135,22.170396,-100.949936,FALSE,casual drinker,informal,family,on foot,single,kids,variety,hunter-ostentatious,Catholic,student,purple,66,low,1.54,Middle_Eastern,cash
U1135,22.170396,-100.949936,FALSE,casual drinker,informal,family,on foot,single,kids,variety,hunter-ostentatious,Catholic,student,purple,66,low,1.54,Bar_Pub_Brewery,cash
U1135,22.170396,-100.949936,FALSE,casual drinker,informal,family,on foot,single,kids,variety,hunter-ostentatious,Catholic,student,purple,66,low,1.54,Deli-Sandwiches,cash
U1135,22.170396,-100.949936,FALSE,casual drinker,informal,family,on foot,single,kids,variety,hunter-ostentatious,Catholic,student,purple,66,low,1.54,Organic-Healthy,cash
U1135,22.170396,-100.949936,FALSE,casual drinker,informal,family,on foot,single,kids,variety,hunter-ostentatious,Catholic,student,purple,66,low,1.54,Southeast_Asian,cash
U1135,22.170396,-100.949936,FALSE,casual drinker,informal,family,on foot,single,kids,variety,hunter-ostentatious,Catholic,student,purple,66,low,1.54,Breakfast-Brunch,cash
U1135,22.170396,-100.949936,FALSE,casual drinker,informal,family,on foot,single,kids,variety,hunter-ostentatious,Catholic,student,purple,66,low,1.54,Cafe-Coffee_Shop,cash
U1135,22.170396,-100.949936,FALSE,casual drinker,informal,family,on foot,single,kids,variety,hunter-ostentatious,Catholic,student,purple,66,low,1.54,Eastern_European,cash
U1135,22.170396,-100.949936,FALSE,casual drinker,informal,family,on foot,single,kids,variety,hunter-ostentatious,Catholic,student,purple,66,low,1.54,Indian-Pakistani,cash
U1135,22.170396,-100.949936,FALSE,casual drinker,informal,family,on foot,single,kids,variety,hunter-ostentatious,Catholic,student,purple,66,low,1.54,Dessert-Ice_Cream,cash
U1135,22.170396,-100.949936,FALSE,casual drinker,informal,family,on foot,single,kids,variety,hunter-ostentatious,Catholic,student,purple,66,low,1.54,Pacific_Northwest,cash
U1135,22.170396,-100.949936,FALSE,casual drinker,informal,family,on foot,single,kids,variety,hunter-ostentatious,Catholic,student,purple,66,low,1.54,Russian-Ukrainian,cash
U1135,22.170396,-100.949936,FALSE,casual drinker,informal,family,on foot,single,kids,variety,hunter-ostentatious,Catholic,student,purple,66,low,1.54,Continental-European,cash
U1023,23.752943,-99.166589,FALSE,casual drinker,informal,friends,car owner,single,independent,none,hard-worker,Catholic,student,blue,103,low,1.79,Mexican,cash
U1017,18.952615,-99.201616,FALSE,casual drinker,formal,family,public,single,?,retro,hunter-ostentatious,none,professional,orange,79,medium,1.79,Chinese,VISA
U1017,18.952615,-99.201616,FALSE,casual drinker,formal,family,public,single,?,retro,hunter-ostentatious,none,professional,orange,79,medium,1.79,Chinese,cash
U1113,22.137343,-100.913935,FALSE,casual drinker,formal,family,public,single,independent,none,thrifty-protector,Catholic,student,blue,75,medium,1.73,Burgers,VISA
U1113,22.137343,-100.913935,FALSE,casual drinker,formal,family,public,single,independent,none,thrifty-protector,Catholic,student,blue,75,medium,1.73,Burgers,cash
U1093,18.871654,-99.183251,TRUE,casual drinker,no preference,family,car owner,single,independent,variety,thrifty-protector,Catholic,student,blue,80,medium,1.67,Japanese,VISA
U1093,18.871654,-99.183251,TRUE,casual drinker,no preference,family,car owner,single,independent,variety,thrifty-protector,Catholic,student,blue,80,medium,1.67,Japanese,American_Express
U1125,22.19204,-100.956935,FALSE,casual drinker,formal,friends,public,single,independent,technology,hard-worker,Catholic,student,white,57,low,1.67,Mexican,cash
U1016,22.156247,-100.977402,FALSE,casual drinker,informal,friends,on foot,single,independent,eco-friendly,thrifty-protector,Catholic,student,green,70,medium,1.67,Fusion,cash
U1016,22.156247,-100.977402,FALSE,casual drinker,informal,friends,on foot,single,independent,eco-friendly,thrifty-protector,Catholic,student,green,70,medium,1.67,Polish,cash
U1016,22.156247,-100.977402,FALSE,casual drinker,informal,friends,on foot,single,independent,eco-friendly,thrifty-protector,Catholic,student,green,70,medium,1.67,American,cash
U1016,22.156247,-100.977402,FALSE,casual drinker,informal,friends,on foot,single,independent,eco-friendly,thrifty-protector,Catholic,student,green,70,medium,1.67,Barbecue,cash
U1016,22.156247,-100.977402,FALSE,casual drinker,informal,friends,on foot,single,independent,eco-friendly,thrifty-protector,Catholic,student,green,70,medium,1.67,Japanese,cash
U1016,22.156247,-100.977402,FALSE,casual drinker,informal,friends,on foot,single,independent,eco-friendly,thrifty-protector,Catholic,student,green,70,medium,1.67,Lebanese,cash
U1016,22.156247,-100.977402,FALSE,casual drinker,informal,friends,on foot,single,independent,eco-friendly,thrifty-protector,Catholic,student,green,70,medium,1.67,Moroccan,cash
U1016,22.156247,-100.977402,FALSE,casual drinker,informal,friends,on foot,single,independent,eco-friendly,thrifty-protector,Catholic,student,green,70,medium,1.67,Regional,cash
U1016,22.156247,-100.977402,FALSE,casual drinker,informal,friends,on foot,single,independent,eco-friendly,thrifty-protector,Catholic,student,green,70,medium,1.67,Polynesian,cash
U1016,22.156247,-100.977402,FALSE,casual drinker,informal,friends,on foot,single,independent,eco-friendly,thrifty-protector,Catholic,student,green,70,medium,1.67,Portuguese,cash
U1016,22.156247,-100.977402,FALSE,casual drinker,informal,friends,on foot,single,independent,eco-friendly,thrifty-protector,Catholic,student,green,70,medium,1.67,Contemporary,cash
U1016,22.156247,-100.977402,FALSE,casual drinker,informal,friends,on foot,single,independent,eco-friendly,thrifty-protector,Catholic,student,green,70,medium,1.67,Cafe-Coffee_Shop,cash
U1016,22.156247,-100.977402,FALSE,casual drinker,informal,friends,on foot,single,independent,eco-friendly,thrifty-protector,Catholic,student,green,70,medium,1.67,Eastern_European,cash
U1016,22.156247,-100.977402,FALSE,casual drinker,informal,friends,on foot,single,independent,eco-friendly,thrifty-protector,Catholic,student,green,70,medium,1.67,Indian-Pakistani,cash
U1062,22.195826,-101.006317,FALSE,casual drinker,informal,friends,car owner,single,independent,variety,hard-worker,Catholic,student,yellow,88,medium,1.68,Mexican,VISA
U1062,22.195826,-101.006317,FALSE,casual drinker,informal,friends,car owner,single,independent,variety,hard-worker,Catholic,student,yellow,88,medium,1.68,Mexican,cash
U1118,18.940062,-99.228172,TRUE,casual drinker,informal,friends,public,single,independent,technology,thrifty-protector,none,student,black,60,medium,1.68,Pizzeria,cash
U1037,22.15031,-100.900536,FALSE,social drinker,no preference,family,public,single,independent,variety,thrifty-protector,Catholic,student,blue,52,low,1.5,Mexican,cash
U1080,23.743793,-99.163397,TRUE,social drinker,formal,friends,car owner,single,independent,variety,hard-worker,Catholic,student,white,80,low,1.82,Mexican,cash
U1105,22.120019,-100.950991,FALSE,social drinker,formal,family,public,single,independent,variety,hard-worker,Christian,student,green,40,medium,1.74,Cafeteria,cash
U1099,22.184862,-100.970535,TRUE,social drinker,informal,family,public,single,independent,technology,conformist,Catholic,student,purple,70,high,2,Mexican,VISA
U1099,22.184862,-100.970535,TRUE,social drinker,informal,family,public,single,independent,technology,conformist,Catholic,student,purple,70,high,2,Mexican,cash
U1078,22.172109,-100.963199,TRUE,social drinker,informal,solitary,car owner,single,independent,variety,hard-worker,Catholic,professional,blue,69,medium,1.69,Mexican,VISA
U1078,22.172109,-100.963199,TRUE,social drinker,informal,solitary,car owner,single,independent,variety,hard-worker,Catholic,professional,blue,69,medium,1.69,Mexican,cash
U1078,22.172109,-100.963199,TRUE,social drinker,informal,solitary,car owner,single,independent,variety,hard-worker,Catholic,professional,blue,69,medium,1.69,Mexican,bank_debit_cards
U1003,22.119847,-100.946527,FALSE,social drinker,formal,family,public,single,independent,none,hard-worker,Catholic,student,blue,60,low,1.69,Mexican,cash
U1098,22.182571,-100.963232,FALSE,social drinker,formal,family,public,single,independent,none,thrifty-protector,Catholic,student,green,68,medium,1.76,Mexican,cash
U1061,22.140388,-100.937321,FALSE,social drinker,no preference,friends,car owner,single,independent,none,hard-worker,Catholic,professional,blue,40,medium,1.76,Mexican,cash
U1061,22.140388,-100.937321,FALSE,social drinker,no preference,friends,car owner,single,independent,none,hard-worker,Catholic,professional,blue,40,medium,1.76,Mexican,bank_debit_cards
U1115,22.138127,-100.920512,TRUE,social drinker,elegant,friends,public,single,independent,variety,hard-worker,Catholic,student,green,76,low,1.76,Regional,cash
U1054,22.150683,-100.975342,FALSE,social drinker,formal,family,public,single,independent,technology,thrifty-protector,Catholic,student,blue,59,medium,1.7,Mexican,cash
U1036,22.160572,-100.989418,FALSE,social drinker,informal,family,public,single,independent,none,hard-worker,Catholic,student,blue,76,medium,1.7,Mexican,cash
U1038,22.125786,-100.943705,TRUE,social drinker,no preference,family,public,single,independent,variety,thrifty-protector,Catholic,student,blue,97,low,1.83,Mexican,cash
U1116,22.156469,-100.98554,FALSE,social drinker,formal,family,public,married,kids,technology,thrifty-protector,Catholic,student,blue,40,medium,1.71,Mexican,VISA
U1116,22.156469,-100.98554,FALSE,social drinker,formal,family,public,married,kids,technology,thrifty-protector,Catholic,student,blue,40,medium,1.71,Mexican,cash
U1116,22.156469,-100.98554,FALSE,social drinker,formal,family,public,married,kids,technology,thrifty-protector,Catholic,student,blue,40,medium,1.71,Mexican,bank_debit_cards
U1050,23.758815,-99.171216,FALSE,social drinker,no preference,family,car owner,single,independent,variety,hard-worker,none,student,green,73,medium,1.71,Mexican,cash
U1076,22.156469,-100.98554,FALSE,social drinker,elegant,family,public,married,kids,technology,thrifty-protector,Catholic,student,blue,65,medium,1.71,Mexican,VISA
U1076,22.156469,-100.98554,FALSE,social drinker,elegant,family,public,married,kids,technology,thrifty-protector,Catholic,student,blue,65,medium,1.71,Mexican,cash
U1076,22.156469,-100.98554,FALSE,social drinker,elegant,family,public,married,kids,technology,thrifty-protector,Catholic,student,blue,65,medium,1.71,Mexican,bank_debit_cards
U1077,22.156469,-100.98554,FALSE,social drinker,elegant,family,public,married,kids,technology,thrifty-protector,Catholic,student,blue,65,medium,1.71,Mexican,VISA
U1077,22.156469,-100.98554,FALSE,social drinker,elegant,family,public,married,kids,technology,thrifty-protector,Catholic,student,blue,65,medium,1.71,Mexican,cash
U1077,22.156469,-100.98554,FALSE,social drinker,elegant,family,public,married,kids,technology,thrifty-protector,Catholic,student,blue,65,medium,1.71,Mexican,bank_debit_cards
U1104,22.149005,-100.978153,TRUE,social drinker,no preference,family,car owner,single,independent,technology,hunter-ostentatious,Catholic,student,blue,75,medium,1.71,Italian,VISA
U1104,22.149005,-100.978153,TRUE,social drinker,no preference,family,car owner,single,independent,technology,hunter-ostentatious,Catholic,student,blue,75,medium,1.71,Italian,cash
U1027,22.16515,-100.987015,TRUE,social drinker,no preference,?,public,single,independent,retro,thrifty-protector,Catholic,student,purple,60,low,1.65,Family,cash
U1086,22.157281,-100.98444,FALSE,social drinker,no preference,family,car owner,single,independent,variety,hunter-ostentatious,Catholic,student,red,49,medium,1.59,Italian,VISA
U1086,22.157281,-100.98444,FALSE,social drinker,no preference,family,car owner,single,independent,variety,hunter-ostentatious,Catholic,student,red,49,medium,1.59,Italian,cash
U1086,22.157281,-100.98444,FALSE,social drinker,no preference,family,car owner,single,independent,variety,hunter-ostentatious,Catholic,student,red,49,medium,1.59,Italian,bank_debit_cards
U1046,22.144415,-100.933097,FALSE,social drinker,no preference,friends,car owner,single,independent,retro,hard-worker,Catholic,student,black,82,medium,1.84,Bar,cash
U1102,22.137131,-100.941151,FALSE,social drinker,no preference,friends,on foot,single,independent,eco-friendly,conformist,none,student,black,90,low,1.78,Pizzeria,cash
U1137,22.144803,-100.944623,FALSE,social drinker,formal,family,public,single,independent,eco-friendly,hard-worker,Catholic,student,blue,72,low,1.78,Mexican,cash
U1008,22.122989,-100.923811,FALSE,social drinker,formal,solitary,public,single,independent,technology,hard-worker,Catholic,student,green,68,low,1.72,Juice,cash
U1008,22.122989,-100.923811,FALSE,social drinker,formal,solitary,public,single,independent,technology,hard-worker,Catholic,student,green,68,low,1.72,Korean,cash
U1008,22.122989,-100.923811,FALSE,social drinker,formal,solitary,public,single,independent,technology,hard-worker,Catholic,student,green,68,low,1.72,Italian,cash
U1008,22.122989,-100.923811,FALSE,social drinker,formal,solitary,public,single,independent,technology,hard-worker,Catholic,student,green,68,low,1.72,Mexican,cash
U1008,22.122989,-100.923811,FALSE,social drinker,formal,solitary,public,single,independent,technology,hard-worker,Catholic,student,green,68,low,1.72,American,cash
U1008,22.122989,-100.923811,FALSE,social drinker,formal,solitary,public,single,independent,technology,hard-worker,Catholic,student,green,68,low,1.72,Hawaiian,cash
U1008,22.122989,-100.923811,FALSE,social drinker,formal,solitary,public,single,independent,technology,hard-worker,Catholic,student,green,68,low,1.72,Hot_Dogs,cash
U1008,22.122989,-100.923811,FALSE,social drinker,formal,solitary,public,single,independent,technology,hard-worker,Catholic,student,green,68,low,1.72,Cafeteria,cash
U1008,22.122989,-100.923811,FALSE,social drinker,formal,solitary,public,single,independent,technology,hard-worker,Catholic,student,green,68,low,1.72,Latin_American,cash
U1008,22.122989,-100.923811,FALSE,social drinker,formal,solitary,public,single,independent,technology,hard-worker,Catholic,student,green,68,low,1.72,Cafe-Coffee_Shop,cash
U1121,18.871674,-99.183253,FALSE,social drinker,no preference,family,public,married,independent,variety,thrifty-protector,Catholic,working-class,black,90,medium,1.6,Mexican,cash
U1121,18.871674,-99.183253,FALSE,social drinker,no preference,family,public,married,independent,variety,thrifty-protector,Catholic,working-class,black,90,medium,1.6,Mexican,bank_debit_cards
U1088,22.142748,-100.940664,FALSE,social drinker,informal,family,on foot,single,independent,none,hard-worker,Catholic,student,blue,62,medium,1.6,Mexican,
U1136,22.149607,-100.997235,TRUE,social drinker,no preference,friends,car owner,single,independent,retro,thrifty-protector,Catholic,student,black,50,low,1.6,Mexican,cash
U1033,22.15,-100.983,FALSE,social drinker,no preference,family,on foot,single,?,none,hard-worker,none,student,yellow,54,low,1.6,Mexican,cash
U1090,22.158473,-100.984268,FALSE,social drinker,no preference,friends,car owner,single,independent,variety,thrifty-protector,Catholic,student,blue,50,medium,1.54,Tex-Mex,cash
U1025,22.125603,-100.907844,FALSE,social drinker,no preference,family,public,single,?,none,thrifty-protector,Catholic,student,red,65,medium,1.79,Mexican,
U1044,18.95298,-99.260789,TRUE,social drinker,informal,family,car owner,married,kids,variety,thrifty-protector,Catholic,professional,orange,85,medium,1.73,Mexican,VISA
U1044,18.95298,-99.260789,TRUE,social drinker,informal,family,car owner,married,kids,variety,thrifty-protector,Catholic,professional,orange,85,medium,1.73,Mexican,cash
U1044,18.95298,-99.260789,TRUE,social drinker,informal,family,car owner,married,kids,variety,thrifty-protector,Catholic,professional,orange,85,medium,1.73,Mexican,bank_debit_cards
U1044,18.95298,-99.260789,TRUE,social drinker,informal,family,car owner,married,kids,variety,thrifty-protector,Catholic,professional,orange,85,medium,1.73,Mexican,MasterCard-Eurocard
U1039,23.738067,-99.139906,FALSE,social drinker,no preference,friends,?,single,independent,none,hard-worker,none,student,yellow,83,medium,1.73,Regional,cash
U1010,22.190889,-100.998669,FALSE,social drinker,no preference,friends,car owner,married,kids,technology,hard-worker,none,student,green,40,medium,1.67,Mexican,cash
U1015,22.12676,-100.905209,TRUE,social drinker,informal,family,public,single,independent,technology,thrifty-protector,Catholic,student,black,87,medium,1.67,Mexican,cash
U1138,22.152884,-100.939663,FALSE,social drinker,formal,friends,public,single,independent,variety,thrifty-protector,none,student,blue,54,medium,1.55,Pizzeria,cash
U1006,22.15,-100.983,TRUE,social drinker,no preference,friends,car owner,single,independent,variety,hard-worker,none,student,blue,75,medium,1.8,Mexican,cash
U1131,22.138245,-100.910948,TRUE,social drinker,no preference,friends,car owner,married,kids,eco-friendly,hard-worker,none,student,black,90,medium,1.8,Mexican,cash
U1052,22.138055,-100.936005,TRUE,social drinker,no preference,family,on foot,single,independent,none,conformist,Catholic,student,blue,85,low,1.8,Bakery,cash
U1056,22.168997,-100.974376,FALSE,social drinker,informal,family,on foot,single,independent,none,hard-worker,Catholic,student,yellow,61,medium,1.62,Mexican,cash
U1021,23.730569,-99.171883,FALSE,social drinker,no preference,family,car owner,single,dependent,none,hard-worker,Catholic,student,purple,108,medium,1.62,Burgers,cash
U1021,23.730569,-99.171883,FALSE,social drinker,no preference,family,car owner,single,dependent,none,hard-worker,Catholic,student,purple,108,medium,1.62,Chinese,cash
U1021,23.730569,-99.171883,FALSE,social drinker,no preference,family,car owner,single,dependent,none,hard-worker,Catholic,student,purple,108,medium,1.62,Pizzeria,cash
U1021,23.730569,-99.171883,FALSE,social drinker,no preference,family,car owner,single,dependent,none,hard-worker,Catholic,student,purple,108,medium,1.62,Regional,cash
U1069,19.347641,-99.130229,FALSE,social drinker,no preference,family,public,single,independent,variety,thrifty-protector,Catholic,professional,black,60,medium,1.56,Mexican,cash
U1069,19.347641,-99.130229,FALSE,social drinker,no preference,family,public,single,independent,variety,thrifty-protector,Catholic,professional,black,60,medium,1.56,Mexican,MasterCard-Eurocard